inlier_index,moving_keypoint_index,reference_keypoint_index,moving_x_px,moving_y_px,reference_x_px,reference_y_px,projected_reference_x_px,projected_reference_y_px,reprojection_error_px,descriptor_distance
1,1856,2325,116.37511444091797,43.163238525390625,115.99329376220703,43.658321380615234,116.23551177978516,42.97169494628906,0.7280971283798265,94.81561279296875
2,2897,13050,171.32106018066406,60.89821243286133,172.5607147216797,61.05316162109375,171.18959045410156,60.71697235107422,1.4117382839669381,111.22050476074219
3,2017,2530,126.0124740600586,71.9795913696289,126.02063751220703,72.00360870361328,125.87630462646484,71.7937240600586,0.25472248724198965,122.91867065429688
4,1561,1988,101.36953735351562,59.14636993408203,100.7786865234375,59.3912353515625,101.22903442382812,58.95512008666992,0.6269049016067492,126.21014404296875
5,1871,2353,117.08963012695312,113.43431091308594,117.29237365722656,114.21929168701172,116.95532989501953,113.25392150878906,1.0225155640107944,129.1859130859375
6,1952,13942,121.68384552001953,79.07085418701172,121.80430603027344,78.71653747558594,121.54762268066406,78.885498046875,0.3073011822577567,131.0991973876953
7,3287,8593,193.89820861816406,91.77252960205078,194.6654815673828,91.96461486816406,193.77182006835938,91.5987777709961,0.9656436488172556,131.63206481933594
8,1855,2331,116.34825134277344,31.951801300048828,116.40435791015625,31.653610229492188,116.20780944824219,31.758625030517578,0.2228439057169526,132.5254669189453
9,3617,4429,214.79649353027344,19.628498077392578,214.89027404785156,19.995038986206055,214.66586303710938,19.448129653930664,0.5911599779012816,139.7139892578125
10,2161,2684,133.45733642578125,31.12197494506836,133.03152465820312,31.37272834777832,133.3190155029297,30.931167602539062,0.5269031007100273,146.86387634277344
11,2194,2730,135.0059051513672,6.9629998207092285,134.88429260253906,6.298995018005371,134.8659210205078,6.76913595199585,0.47049974796993294,149.11740112304688
12,1031,14774,71.0113525390625,19.334747314453125,70.6278305053711,18.819162368774414,70.86367797851562,19.13307762145996,0.392640823727349,149.39878845214844
13,3373,4124,199.2413330078125,31.430606842041016,199.01168823242188,31.35304069519043,199.11029052734375,31.249406814575195,0.14304682371598842,151.28781127929688
14,1601,2034,103.05547332763672,76.3121337890625,102.63691711425781,76.92525482177734,102.91645050048828,76.12381744384766,0.8487878325943917,154.36643981933594
15,1733,2183,110.02348327636719,106.92630004882812,109.96907806396484,107.08467864990234,109.88768005371094,106.74391174316406,0.3503537081311849,155.9390869140625
16,2591,13322,156.5581512451172,72.04039001464844,156.81190490722656,71.93550872802734,156.4258575439453,71.85871887207031,0.3936105291710411,157.86386108398438
17,1752,2227,110.6205062866211,15.725332260131836,111.6299057006836,15.959125518798828,110.47811889648438,15.529013633728027,1.2294751221584792,158.5749053955078
18,3286,8606,193.89820861816406,91.77252960205078,194.6654815673828,91.96461486816406,193.77182006835938,91.5987777709961,0.9656436488172556,160.1905059814453
19,1510,1904,98.37545776367188,69.40291595458984,97.2369384765625,69.71280670166016,98.23526000976562,69.21286010742188,1.1165090598591194,161.29786682128906
20,1649,2104,105.97882080078125,47.649593353271484,105.83263397216797,47.70417404174805,105.838134765625,47.457237243652344,0.24699805866122707,164.21023559570312
21,433,620,34.153053283691406,122.82611083984375,33.953880310058594,122.00827026367188,34.006019592285156,122.6368408203125,0.6307292996417768,167.3648681640625
22,1366,14533,90.85720825195312,84.37018585205078,90.50253295898438,84.88050079345703,90.71696472167969,84.18152618408203,0.7311268599932249,168.78981018066406
23,968,1297,66.76201629638672,17.672182083129883,66.88018798828125,17.332138061523438,66.61360168457031,17.469633102416992,0.2999552359879395,169.83816528320312
24,2197,2738,135.48297119140625,70.62625885009766,135.15670776367188,69.44734954833984,135.3479461669922,70.44148254394531,1.0123598865304795,173.35801696777344
25,2988,12919,177.2558135986328,85.08809661865234,177.32373046875,85.75419616699219,177.12701416015625,84.91114807128906,0.865694748589488,173.64907836914062
26,3015,12910,178.1242218017578,97.32363891601562,177.62799072265625,96.8747787475586,177.9965362548828,97.14862060546875,0.4591461341096606,175.6502227783203
27,2034,2555,126.45390319824219,8.687765121459961,126.80795288085938,5.96609354019165,126.3130111694336,8.49284553527832,2.5747704640187927,180.69033813476562
28,2796,13153,166.72067260742188,69.81177520751953,166.63922119140625,68.64522552490234,166.5894012451172,69.63117218017578,0.9872045553445971,181.2732696533203
29,2288,2818,140.44845581054688,87.83724975585938,139.5098876953125,87.17396545410156,140.31539916992188,87.6557846069336,0.9386151670216852,188.55767822265625
30,897,1191,62.695518493652344,13.000883102416992,61.14738464355469,11.931339263916016,62.546180725097656,12.79703140258789,1.6450086190346385,189.53627014160156
31,1545,1970,99.9589614868164,7.888335704803467,99.81449890136719,7.440778732299805,99.81459045410156,7.689326286315918,0.2485475708778823,190.5045928955078
32,1924,2430,120.42039489746094,70.73992156982422,120.96669006347656,71.24473571777344,120.28337860107422,70.5531005859375,0.972251875925238,192.3070526123047
33,5356,11435,306.8645935058594,40.217041015625,306.7427673339844,40.115543365478516,306.742431640625,40.05241012573242,0.06313413221759906,77.5370864868164
34,8379,10031,456.4559326171875,32.638031005859375,456.1396484375,32.96379852294922,456.3360595703125,32.49431228637695,0.5089151790067564,83.70782470703125
35,5480,6555,312.40911865234375,17.475873947143555,312.33624267578125,17.757556915283203,312.2848815917969,17.309724807739258,0.45076774229674177,87.78382873535156
36,5481,6556,312.40911865234375,17.475873947143555,312.33624267578125,17.757556915283203,312.2848815917969,17.309724807739258,0.45076774229674177,95.56673431396484
37,5340,6441,306.0135498046875,98.63259887695312,307.37164306640625,100.2220687866211,305.8973083496094,98.47457122802734,2.2863531167437015,96.06768798828125
38,5607,6694,318.02789306640625,15.564095497131348,317.9696960449219,15.977317810058594,317.9037170410156,15.398594856262207,0.5824718758938287,96.6436767578125
39,4377,5321,256.6214904785156,22.261564254760742,256.9739074707031,22.31004524230957,256.49444580078125,22.08767318725586,0.5285194639680583,96.75743103027344
40,5036,11856,288.4025573730469,60.9841194152832,288.3884582519531,60.217857360839844,288.2814025878906,60.819190979003906,0.6107888633088732,97.17510223388672
41,5172,11681,295.80999755859375,48.56102752685547,295.5266418457031,48.29677200317383,295.68804931640625,48.39572525024414,0.18932542540435096,98.7420883178711
42,14533,11571,301.2110595703125,89.1363754272461,300.79705810546875,88.36651611328125,301.09356689453125,88.97654724121094,0.6782738672796387,99.4283676147461
43,5750,6849,324.858642578125,119.7981948852539,324.0923767089844,118.94304656982422,324.7457275390625,119.64524841308594,0.9591427087998586,101.7398681640625
44,4642,5579,268.6914978027344,86.15841674804688,268.2596435546875,85.62503051757812,268.5714416503906,85.99386596679688,0.48296753626355904,104.94284057617188
45,5195,11655,297.18817138671875,7.785199165344238,296.7939758300781,7.582403182983398,297.06219482421875,7.615823745727539,0.2702931054095603,108.88985443115234
46,6555,7802,364.380859375,55.197330474853516,364.0198974609375,55.041282653808594,364.2626953125,55.04240036010742,0.2428004241980154,115.98706817626953
47,5204,6219,297.70318603515625,42.610923767089844,297.608154296875,42.66383743286133,297.58074951171875,42.44523620605469,0.2203123206060627,118.04660034179688
48,6381,7609,356.0981750488281,37.36243438720703,355.9251403808594,36.995826721191406,355.977783203125,37.20459747314453,0.21530558192291122,121.70455932617188
49,4849,5814,278.98126220703125,61.19670486450195,278.6852722167969,60.452842712402344,278.8595275878906,61.030487060546875,0.6033555562836402,126.360595703125
50,5285,6313,302.0484619140625,56.4947624206543,302.09527587890625,56.771053314208984,301.9277038574219,56.33122634887695,0.4706677616084871,127.6832046508789
51,4631,5576,268.24676513671875,79.69599914550781,268.05865478515625,78.3179931640625,268.1260681152344,79.53057098388672,1.2144502979545428,127.75758361816406
52,6375,7597,355.5972900390625,116.6796875,355.3971862792969,116.37057495117188,355.485595703125,116.5302734375,0.18253720923996664,129.2168731689453
53,6169,7380,344.9913330078125,118.99899291992188,345.4517822265625,118.9365463256836,344.87939453125,118.84850311279297,0.5791194014029052,130.7019500732422
54,5229,6247,299.1512145996094,73.73155975341797,298.9034729003906,72.0540771484375,299.0320129394531,73.5696029663086,1.5209671417476567,130.92364501953125
55,4062,11809,240.63172912597656,107.57855987548828,240.5806884765625,107.50452423095703,240.51138305664062,107.41319274902344,0.11465025435093369,131.6928253173828
56,5083,6095,291.0074462890625,127.2284164428711,291.1546630859375,127.66146087646484,290.8930969238281,127.07217407226562,0.6447292414370208,133.85813903808594
57,7950,8003,433.57049560546875,96.79759979248047,433.4474182128906,96.13699340820312,433.4585266113281,96.65614318847656,0.5192686114852357,134.94442749023438
58,8358,7546,454.8384094238281,21.266826629638672,455.23773193359375,19.292423248291016,454.7171325683594,21.122060775756836,1.9022610706718661,144.39529418945312
59,6284,7513,350.93927001953125,121.26737976074219,350.8460998535156,121.06916046142578,350.827880859375,121.117919921875,0.05205205789202821,144.9241180419922
60,5192,11650,297.01519775390625,62.17116928100586,297.1009826660156,62.76047134399414,296.89471435546875,62.007572174072266,0.7806431809763732,145.58502197265625
61,4059,11733,240.08753967285156,121.18846130371094,239.59967041015625,121.0377426147461,239.96839904785156,121.02495574951172,0.3689502841565014,145.6914520263672
62,6188,7432,345.9920654296875,127.41920471191406,347.4077453613281,127.77977752685547,345.881103515625,127.2698745727539,1.6095453853971762,147.2107391357422
63,6018,7202,337.9737243652344,7.371738910675049,338.02899169921875,7.54247522354126,337.8494873046875,7.208456993103027,0.37919652677881793,148.6606903076172
64,4751,5709,274.2774353027344,59.03295135498047,273.996826171875,58.08214569091797,274.1551513671875,58.865821838378906,0.7995093317591473,149.92330932617188
65,6019,7203,337.9737243652344,7.371738910675049,338.02899169921875,7.54247522354126,337.8494873046875,7.208456993103027,0.37919652677881793,151.4463653564453
66,5371,11414,307.4769287109375,57.10238265991211,307.6954345703125,57.8135871887207,307.3565368652344,56.939674377441406,0.9373234533635141,151.8123779296875
67,5954,7100,334.43841552734375,11.753283500671387,334.1673583984375,11.53921127319336,334.31451416015625,11.58987045288086,0.15563152217219986,152.53851318359375
68,11275,8976,629.443115234375,121.01776123046875,628.55322265625,119.83417510986328,629.3284301757812,120.9035415649414,1.3207919266804098,66.55073547363281
69,10792,5044,586.1484375,71.38245391845703,585.5050048828125,71.33306884765625,586.0292358398438,71.2595443725586,0.5293618278156125,84.95881652832031
70,10533,3616,653.0122680664062,14.858327865600586,652.8606567382812,14.800027847290039,652.8794555664062,14.742613792419434,0.06041332332820457,90.61457061767578
71,8665,10383,472.7753601074219,29.453107833862305,473.1363525390625,27.978429794311523,472.65484619140625,29.31153678894043,1.4173999513058324,91.43850708007812
72,10462,5385,569.4932250976562,60.28302001953125,570.0031127929688,60.92267608642578,569.3733520507812,60.15717315673828,0.9912584565897515,93.17188262939453
73,9733,3152,676.8341674804688,79.0704116821289,676.1456298828125,78.84114837646484,676.7090454101562,78.9602279663086,0.5758619671148562,96.06768798828125
74,10463,5379,569.4932250976562,60.28302001953125,570.0031127929688,60.92267608642578,569.3733520507812,60.15717315673828,0.9912584565897515,99.0
75,9670,3121,678.0553588867188,43.4278678894043,677.8342895507812,43.687313079833984,677.9244995117188,43.31660461425781,0.3815266746928517,105.20455932617188
76,8815,10564,481.8598937988281,61.31376266479492,481.95916748046875,61.4345703125,481.7432861328125,61.175785064697266,0.33700825026429443,106.0613021850586
77,10421,12997,655.6726684570312,46.52284240722656,655.421630859375,46.94515609741211,655.5444946289062,46.40848922729492,0.5505513921014152,106.63957977294922
78,10094,5793,549.643310546875,35.954681396484375,549.4619140625,36.07279586791992,549.5210571289062,35.82466125488281,0.25508564932392824,109.26115417480469
79,8433,10122,459.62823486328125,58.56728744506836,460.33355712890625,59.63923645019531,459.5115661621094,58.425994873046875,1.4654774901093806,110.081787109375
80,10692,5172,580.7711181640625,55.546043395996094,580.5343017578125,55.441104888916016,580.6499633789062,55.421512603759766,0.11730928450757003,114.58621215820312
81,8527,10218,465.42266845703125,47.39664840698242,465.2689208984375,46.72856140136719,465.3045349121094,47.255306243896484,0.5279474283496741,117.52871704101562
82,10802,5019,586.4989624023438,58.64043426513672,586.2822875976562,58.52228546142578,586.3778686523438,58.516868591308594,0.0957344269165557,118.2708740234375
83,10774,3748,645.4208374023438,18.924072265625,646.0956420898438,21.45073699951172,645.2893676757812,18.807344436645508,2.7636212968111646,120.258056640625
84,8431,7465,459.5296325683594,108.31974029541016,459.6341857910156,108.34386444091797,459.419189453125,108.18277740478516,0.2686493225683509,123.29639434814453
85,11020,11131,597.3933715820312,69.00009155273438,597.9879150390625,69.82665252685547,597.2731323242188,68.87859344482422,1.1873206611784948,123.3936767578125
86,10584,5276,575.548828125,47.70335006713867,575.5281982421875,47.42122268676758,575.4268188476562,47.577667236328125,0.18642070357855978,123.89108276367188
87,10801,5020,586.4989624023438,58.64043426513672,586.2822875976562,58.52228546142578,586.3778686523438,58.516868591308594,0.0957344269165557,130.6598663330078
88,11471,9622,620.292236328125,118.54442596435547,619.9039306640625,118.50791931152344,620.1777954101562,118.42888641357422,0.2850405201216939,136.69674682617188
89,8530,7368,465.5196838378906,60.94335174560547,465.68853759765625,61.56614685058594,465.40325927734375,60.803070068359375,0.8146593739800494,137.14590454101562
90,8712,10427,475.70843505859375,69.14107513427734,475.3883056640625,68.27755737304688,475.5929260253906,69.00285339355469,0.7536071985023243,137.51364135742188
91,9372,6607,511.2112121582031,124.87483215332031,511.5448913574219,125.080810546875,511.1023864746094,124.74597930908203,0.5549076762082824,139.12225341796875
92,9608,11528,523.8658447265625,26.40217399597168,523.7689208984375,26.5109806060791,523.7434692382812,26.26787567138672,0.2444336234573651,142.87057495117188
93,9882,11908,538.6260375976562,15.832321166992188,539.9057006835938,17.0704402923584,538.5015258789062,15.699633598327637,1.962350089693153,143.14328002929688
94,10571,5289,574.8036499023438,57.293052673339844,574.305419921875,57.16483688354492,574.6830444335938,57.16777801513672,0.3776359650587648,147.68209838867188
95,10788,5046,585.9498901367188,34.997188568115234,585.4033813476562,34.441566467285156,585.825439453125,34.87236785888672,0.6030944232852045,149.505859375
96,10807,3828,644.3309936523438,5.336436748504639,643.9706420898438,5.882755756378174,644.197509765625,5.219176292419434,0.7012892750514266,149.6328887939453
97,10904,4906,591.6563110351562,49.03072738647461,591.398193359375,48.87710189819336,591.5335083007812,48.90739440917969,0.1386642332746036,152.05262756347656
98,8851,10601,483.7883605957031,108.77189636230469,483.5777587890625,108.9574966430664,483.6778259277344,108.63810729980469,0.33469834901165596,153.68148803710938
99,10669,5189,579.5362548828125,47.778873443603516,579.5311279296875,47.767852783203125,579.4140625,47.65375900268555,0.16346775088901264,153.76280212402344
100,10890,11743,590.8199462890625,74.2486801147461,590.0342407226562,73.52698516845703,590.7008666992188,74.12657165527344,0.8966014431177028,160.03749084472656
101,9687,6220,527.935791015625,18.787282943725586,527.8568115234375,18.812162399291992,527.8121948242188,18.65316390991211,0.16513984823252417,166.14451599121094
102,8526,10212,465.41961669921875,99.55128479003906,465.1387939453125,98.93807983398438,465.3080749511719,99.41427612304688,0.505389913494183,168.70980834960938
103,10599,3632,732.837158203125,20.468746185302734,732.8235473632812,19.805221557617188,732.6962890625,20.36496925354004,0.574031495833349,60.55575942993164
104,10772,3649,733.5354614257812,38.399314880371094,733.4943237304688,38.10163879394531,733.3975219726562,38.29589080810547,0.21703553930374503,74.1080322265625
105,6688,7473,884.0328979492188,25.198741912841797,884.262939453125,24.547224044799805,883.8687744140625,25.11719512939453,0.6929885390778343,77.05193328857422
106,7870,6714,838.7225341796875,110.3762435913086,838.6561889648438,110.3487319946289,838.5820922851562,110.288330078125,0.09559659752343092,81.3449478149414
107,7663,10950,846.5903930664062,16.188016891479492,846.6476440429688,16.807395935058594,846.4314575195312,16.101091384887695,0.738649260818765,81.44322967529297
108,6946,7267,874.2546997070312,26.23895263671875,874.5062255859375,27.543468475341797,874.0925903320312,26.155954360961914,1.4478568785889987,84.48076629638672
109,8281,6294,824.5252685546875,94.92352294921875,824.5140380859375,95.69676208496094,824.38427734375,94.83352661132812,0.872933750722881,90.71383666992188
110,6529,9931,892.189453125,27.596845626831055,892.7332153320312,28.53643798828125,892.0242309570312,27.51644515991211,1.2421933077901441,93.28987121582031
111,6698,7463,883.925537109375,104.90264892578125,883.7281494140625,104.18108367919922,883.7764892578125,104.8205337524414,0.6412746187579962,98.2853012084961
112,8286,6291,824.5252685546875,94.92352294921875,824.5140380859375,95.69676208496094,824.38427734375,94.83352661132812,0.872933750722881,99.34786987304688
113,1740,5959,812.8935546875,97.00820922851562,813.0308227539062,96.977294921875,812.7546997070312,96.91670989990234,0.2826914959862795,101.05938720703125
114,6503,7643,893.6373291015625,17.711416244506836,893.3921508789062,19.081390380859375,893.4699096679688,17.63144302368164,1.4520309114695744,101.6513671875
115,3144,12200,804.0311889648438,101.31922912597656,804.9087524414062,101.88138580322266,803.8944091796875,101.22665405273438,1.2072969467747698,103.94710540771484
116,7466,10821,852.0376586914062,36.20778274536133,851.6571655273438,36.374488830566406,851.8814697265625,36.121429443359375,0.33815887869574396,108.62319946289062
117,6262,9610,901.2213745117188,100.4976806640625,901.075927734375,100.39881896972656,901.0682983398438,100.41780853271484,0.020464876334817382,112.964599609375
118,7661,10949,846.5903930664062,16.188016891479492,846.6476440429688,16.807395935058594,846.4314575195312,16.101091384887695,0.738649260818765,113.96929168701172
119,10387,4143,748.9515380859375,53.96377182006836,749.14501953125,53.908382415771484,748.814208984375,53.86280822753906,0.33393506038866416,117.69451904296875
120,7869,6715,838.7225341796875,110.3762435913086,838.6561889648438,110.3487319946289,838.5820922851562,110.288330078125,0.09559659752343092,119.08820343017578
121,11089,3888,741.341064453125,126.24050903320312,741.0687255859375,126.49604797363281,741.216796875,126.14067077636719,0.3849909855840801,119.54078674316406
122,10595,4056,746.9952392578125,17.786334991455078,746.633544921875,17.202293395996094,746.85205078125,17.684627532958984,0.5295196221680022,120.6689682006836
123,8148,11325,829.473388671875,122.78456115722656,829.6337280273438,122.95277404785156,829.336669921875,122.6957015991211,0.3928482683186506,122.47856903076172
124,8461,4689,767.3244018554688,117.6376953125,767.2515869140625,117.75830841064453,767.1954956054688,117.54081726074219,0.2246077362550165,125.31560516357422
125,11016,3912,742.2666015625,44.57231521606445,741.401123046875,43.01154327392578,742.1285400390625,44.47024154663086,1.6300110831880523,131.21737670898438
126,8107,11309,830.7924194335938,83.22025299072266,830.496826171875,81.90615844726562,830.6483154296875,83.13095092773438,1.234125445587026,132.40846252441406
127,9825,4325,753.7752685546875,8.347799301147461,754.12060546875,6.894997596740723,753.6295776367188,8.247052192687988,1.4384574940718384,133.66001892089844
128,6844,10268,877.8818359375,98.09711456298828,877.4304809570312,97.5708999633789,877.7325439453125,98.01417541503906,0.5364095216659694,133.79087829589844
129,8103,11290,830.8255004882812,102.90774536132812,830.984130859375,102.9493408203125,830.6849975585938,102.81869506835938,0.3264185107184996,136.57965087890625
130,9800,9544,754.0866088867188,119.01667022705078,753.6836547851562,119.2022705078125,753.9595947265625,118.91815948486328,0.3960579813922908,137.2151641845703
131,11201,12853,735.3141479492188,51.297760009765625,735.1106567382812,50.847801208496094,735.1781005859375,51.19482421875,0.35351611311560066,138.60374450683594
132,6525,9967,892.5283813476562,108.71343231201172,891.9418334960938,109.59272003173828,892.3784790039062,108.6324462890625,1.0548862310056892,138.9892120361328
133,7971,4794,773.2303466796875,58.10605239868164,772.875244140625,58.47216796875,773.0904541015625,58.00856018066406,0.5111237701972545,150.9105682373047
134,8701,2786,710.2369995117188,109.99939727783203,709.6294555664062,109.39292907714844,710.113525390625,109.8949203491211,0.6973656371344209,159.94686889648438
135,4825,5476,795.7532348632812,104.91893005371094,795.3156127929688,104.80675506591797,795.6182861328125,104.82535552978516,0.3032443369763807,160.5926513671875
136,5519,5375,791.9513549804688,102.1709213256836,791.7977294921875,102.05781555175781,791.8164672851562,102.0767822265625,0.026661576069064344,163.52674865722656
137,7791,11047,842.85107421875,72.20340728759766,842.1696166992188,72.07588195800781,842.7030029296875,72.11566925048828,0.5348681141146748,164.77256774902344
138,793,8737,1096.2237548828125,104.93455505371094,1095.9483642578125,102.23417663574219,1096.02734375,104.8800277709961,2.6470296541804323,92.53107452392578
139,252,3319,1123.720947265625,117.05671691894531,1123.0419921875,116.23795318603516,1123.519775390625,117.00524139404297,0.9038849392130754,101.43470764160156
140,1437,4648,1072.877197265625,122.49871826171875,1072.8577880859375,123.20463562011719,1072.690673828125,122.44059753417969,0.7821006149641243,102.56217956542969
141,2483,5808,1036.9283447265625,78.19377136230469,1036.76318359375,77.75210571289062,1036.7413330078125,78.13236999511719,0.38089154945088355,116.07756042480469
142,9,2886,1138.1995849609375,75.96162414550781,1138.0517578125,76.19953918457031,1137.9849853515625,75.91407775878906,0.2931668247750998,116.94015502929688
143,5082,976,939.4393310546875,100.18746185302734,939.4381103515625,100.84925079345703,939.2787475585938,100.11259460449219,0.7536967828795664,118.91593933105469
144,432,12994,1115.3785400390625,32.105072021484375,1115.6719970703125,31.963417053222656,1115.16064453125,32.05699157714844,0.519843833024498,120.30377960205078
145,4073,9946,973.4496459960938,53.921287536621094,973.50244140625,52.204200744628906,973.2725830078125,53.851898193359375,1.6636531386936244,120.47821044921875
146,3950,9978,976.4259033203125,124.53689575195312,974.8182373046875,124.18479919433594,976.262451171875,124.4665756225586,1.4714454287123908,120.97520446777344
147,5077,970,939.4393310546875,100.18746185302734,939.4381103515625,100.84925079345703,939.2787475585938,100.11259460449219,0.7536967828795664,121.83595275878906
148,4684,9209,954.6397705078125,59.75466537475586,954.9664306640625,58.76593780517578,954.468017578125,59.68248748779297,1.0433019337370217,122.3233413696289
149,165,3130,1129.566162109375,47.65253829956055,1129.3739013671875,46.7952995300293,1129.34765625,47.60549545288086,0.810620897572645,123.98789978027344
150,5449,759,929.6104125976562,108.63147735595703,929.5989990234375,108.1792221069336,929.4534912109375,108.55528259277344,0.4032294787197911,126.18241119384766
151,3527,7021,996.682861328125,15.469046592712402,996.3606567382812,16.942699432373047,996.4926147460938,15.404444694519043,1.5439043216327022,126.52667999267578
152,430,3584,1115.4483642578125,82.67679595947266,1115.578369140625,82.23885345458984,1115.24169921875,82.62580871582031,0.5129142330733852,128.67788696289062
153,402,13032,1117.232177734375,103.42182922363281,1116.885498046875,103.2881851196289,1117.0296630859375,103.37010192871094,0.16581291294128483,129.96153259277344
154,1728,5052,1059.773193359375,83.42996978759766,1059.4564208984375,83.2156982421875,1059.5816650390625,83.3714599609375,0.199869476881411,130.27662658691406
155,47,13487,1134.99072265625,84.31314849853516,1134.014892578125,84.43412780761719,1134.7789306640625,84.26470184326172,0.7825978240199875,130.5679931640625
156,1409,4628,1074.194091796875,105.83277893066406,1074.1898193359375,105.27083587646484,1074.003662109375,105.77536010742188,0.5377724543189487,135.628173828125
157,4077,9898,973.1115112304688,43.543758392333984,972.7244262695312,43.74959182739258,972.9324340820312,43.47463607788086,0.3447722643290585,137.4554443359375
158,1260,4506,1079.2869873046875,117.54371643066406,1079.2344970703125,117.18639373779297,1079.0977783203125,117.48656463623047,0.329840241435666,138.93524169921875
159,251,3314,1123.720947265625,117.05671691894531,1123.0419921875,116.23795318603516,1123.519775390625,117.00524139404297,0.9038849392130754,140.1962890625
160,3168,11243,1010.0838623046875,32.510467529296875,1010.1057739257812,30.744598388671875,1009.8939208984375,32.44708251953125,1.7156147356043294,141.68980407714844
161,4359,7925,965.1373901367188,101.6300048828125,965.2301635742188,101.55812072753906,964.9717407226562,101.55848693847656,0.25842311104106896,142.68496704101562
162,740,8322,1100.8695068359375,80.39142608642578,1100.3382568359375,80.45152282714844,1100.6663818359375,80.33858489990234,0.3470172777191994,145.81495666503906
163,3701,10397,989.1039428710938,48.59360885620117,989.2942504882812,48.790306091308594,988.9222412109375,48.52659606933594,0.455997673369764,146.4650115966797
164,4560,31,959.6228637695312,67.6852798461914,959.5510864257812,68.33274841308594,959.4515991210938,67.61361694335938,0.7259805744956743,147.74978637695312
165,1995,5315,1051.4403076171875,50.49751281738281,1052.03857421875,50.25284957885742,1051.2437744140625,50.439247131347656,0.8163643654065492,155.00645446777344
166,3416,10864,1001.70458984375,127.43942260742188,1002.0924072265625,127.88258361816406,1001.5361938476562,127.37224578857422,0.7548629168165436,155.6374053955078
167,2128,12574,1047.711669921875,122.00366973876953,1047.906982421875,122.44890594482422,1047.5313720703125,121.9423828125,0.6305940213643346,157.25775146484375
168,3228,6732,1008.0845947265625,29.697093963623047,1007.9981689453125,29.68950653076172,1007.89453125,29.6335391998291,0.11778418408855951,158.28456115722656
169,11541,13704,1144.412841796875,116.03583526611328,1144.2384033203125,115.698486328125,1144.20556640625,115.98704528808594,0.2904213082728021,159.5775604248047
170,2816,11610,1025.4732666015625,97.26028442382812,1024.478271484375,96.79658508300781,1025.2930908203125,97.19676208496094,0.9077842161603273,160.20924377441406
171,1761,5098,1058.7930908203125,123.60469055175781,1058.214599609375,124.17938232421875,1058.6103515625,123.54476165771484,0.7479057418927297,161.75289916992188
172,1177,4398,1082.35107421875,121.98689270019531,1082.6893310546875,121.5560073852539,1082.1619873046875,121.92998504638672,0.6464910839991772,164.82717895507812
173,12697,14275,1293.8480224609375,24.34391212463379,1293.5380859375,24.494680404663086,1293.5704345703125,24.32254409790039,0.17514948515693302,64.75337982177734
174,12832,1919,1307.21826171875,108.60372924804688,1307.247802734375,108.5982894897461,1306.95703125,108.5763168334961,0.2916005036832439,97.74967956542969
175,12232,8093,1241.6971435546875,124.48896026611328,1241.8756103515625,122.06182098388672,1241.462158203125,124.45203399658203,2.4257083347149524,104.3455810546875
176,12392,13989,1259.2117919921875,10.068794250488281,1259.300048828125,10.475625038146973,1258.9429931640625,10.043766021728516,0.5603489602926287,107.54998779296875
177,12557,2210,1280.19140625,26.727994918823242,1280.44482421875,27.809431076049805,1279.9193115234375,26.70438003540039,1.2236426747114377,114.67781066894531
178,11830,14488,1182.4263916015625,103.04459381103516,1182.9246826171875,102.87765502929688,1182.2049560546875,103.00138092041016,0.730283794767378,117.63502502441406
179,11566,2664,1148.13720703125,85.30846405029297,1147.1075439453125,85.02255249023438,1147.921875,85.26172637939453,0.8487279987631201,120.25389862060547
180,12433,2338,1264.7130126953125,5.723984718322754,1264.6173095703125,5.981863021850586,1264.4412841796875,5.700230121612549,0.33211749222402004,127.4754867553711
181,11956,1101,1201.731689453125,55.069881439208984,1201.037841796875,55.61028289794922,1201.492919921875,55.03250503540039,0.7354749202420217,130.44921875
182,13631,14451,1310.3394775390625,90.85688018798828,1311.2470703125,94.06067657470703,1310.0726318359375,90.8313980102539,3.436210962974608,130.9083709716797
183,13073,1599,1331.353271484375,18.183534622192383,1331.2525634765625,18.16575050354004,1331.060302734375,18.168373107910156,0.19227862866208117,137.15684509277344
184,12405,2395,1260.4879150390625,35.43915939331055,1260.05322265625,35.43436050415039,1260.224853515625,35.411827087402344,0.17310374565601458,144.62364196777344
185,12823,1932,1306.7730712890625,24.444852828979492,1306.6280517578125,24.723167419433594,1306.4908447265625,24.425373077392578,0.3278829662792501,146.34547424316406
186,12777,14360,1302.0458984375,111.4625244140625,1302.08935546875,111.54977416992188,1301.7872314453125,111.43421173095703,0.3234711777540099,152.32859802246094
187,12748,2022,1299.6280517578125,76.25208282470703,1298.6275634765625,77.14507293701172,1299.361328125,76.2264633178711,1.175693068651122,158.0917510986328
188,14824,10398,1242.579833984375,53.103641510009766,1243.437255859375,52.19025421142578,1242.3272705078125,53.072166442871094,1.4176870827711512,158.142333984375
189,13074,1594,1331.353271484375,18.183534622192383,1331.2525634765625,18.16575050354004,1331.060302734375,18.168373107910156,0.19227862866208117,160.25604248046875
190,11670,14028,1162.0008544921875,29.118024826049805,1162.321044921875,29.167875289916992,1161.7684326171875,29.076936721801758,0.5600448039781099,160.48675537109375
191,12912,1785,1318.5382080078125,27.696399688720703,1318.0482177734375,27.513652801513672,1318.25244140625,27.67828941345215,0.2623213795894558,160.611328125
192,12876,1838,1314.0794677734375,69.65760040283203,1313.2679443359375,69.29772186279297,1313.805908203125,69.63456726074219,0.634720367184556,162.0617218017578
193,12774,1971,1302.0184326171875,100.54446411132812,1302.8013916015625,101.95932006835938,1301.7569580078125,100.51705169677734,1.7807244557818103,164.42019653320312
194,12972,1733,1323.9686279296875,71.68059539794922,1322.8984375,71.2140884399414,1323.6920166015625,71.65872955322266,0.9096557096268533,165.27854919433594
195,12079,8403,1221.1121826171875,7.16933536529541,1219.9287109375,7.946351528167725,1220.855712890625,7.13887357711792,1.229371084143903,165.89755249023438
196,12853,14421,1310.1746826171875,64.82571411132812,1308.109375,65.93718719482422,1309.9013671875,64.80260467529297,2.1209699417216914,168.3419189453125
197,12168,8207,1233.021484375,26.180543899536133,1233.103759765625,25.865434646606445,1232.765625,26.15007972717285,0.4419931465700906,168.52003479003906
198,12198,172,1236.35888671875,49.89055252075195,1237.572265625,48.06476593017578,1236.1075439453125,49.85847473144531,2.31577219576934,169.3546600341797
199,12906,14501,1318.21142578125,10.254175186157227,1318.125244140625,10.2064790725708,1317.92138671875,10.237961769104004,0.2062741104320256,170.51979064941406
200,13710,13941,1254.165283203125,51.157894134521484,1254.17041015625,50.671207427978516,1253.9083251953125,51.12822341918945,0.5268321772368565,170.6516876220703
201,12875,1839,1314.0794677734375,69.65760040283203,1313.2679443359375,69.29772186279297,1313.805908203125,69.63456726074219,0.634720367184556,170.6575469970703
202,12870,1830,1313.80419921875,83.20770263671875,1313.4365234375,83.21003723144531,1313.5341796875,83.18336486816406,0.10123318688586996,173.0086669921875
203,12469,14058,1268.629150390625,40.46705627441406,1268.29736328125,41.11064529418945,1268.364501953125,40.44042205810547,0.6735776031371791,175.4023895263672
204,11933,1200,1198.2025146484375,66.8039321899414,1198.1689453125,66.24229431152344,1197.9676513671875,66.76519012451172,0.5603028499482644,176.18455505371094
205,12776,14359,1302.0458984375,111.4625244140625,1302.08935546875,111.54977416992188,1301.7872314453125,111.43421173095703,0.3234711777540099,177.1044921875
206,11721,2216,1167.662353515625,25.700193405151367,1166.9696044921875,25.207040786743164,1167.427490234375,25.66019630432129,0.6442121358761383,183.1638641357422
207,12416,2370,1261.62109375,30.95591163635254,1261.3497314453125,31.290363311767578,1261.3565673828125,30.92917251586914,0.36125547896641047,183.85592651367188
208,3420,4191,202.82635498046875,183.64093017578125,202.49404907226562,182.3389434814453,202.70889282226562,183.48280334472656,1.1638613421451296,89.17398834228516
209,3718,4519,219.71206665039062,233.80799865722656,219.09835815429688,231.93324279785156,219.6010284423828,233.66055297851562,1.7989657803166006,92.56889343261719
210,3717,4518,219.71206665039062,233.80799865722656,219.09835815429688,231.93324279785156,219.6010284423828,233.66055297851562,1.7989657803166006,94.25497436523438
211,351,509,28.871530532836914,143.0215606689453,28.64743423461914,143.06890869140625,28.724775314331055,142.8354949951172,0.24589346519646949,98.10708618164062
212,486,8478,37.86874008178711,158.5985870361328,38.106868743896484,159.4538116455078,37.7245979309082,158.4166717529297,1.1053461590106903,99.38813018798828
213,534,747,40.63458251953125,220.09217834472656,40.49626159667969,219.99093627929688,40.49480056762695,219.9232940673828,0.06765798872653453,102.72779846191406
214,328,473,27.0500545501709,151.21664428710938,26.836421966552734,151.39024353027344,26.903459548950195,151.031982421875,0.36447916160539734,104.0672836303711
215,2447,13483,148.92564392089844,221.02023315429688,148.90113830566406,221.61978149414062,148.80416870117188,220.8629913330078,0.7629773602033022,110.6209716796875
216,768,1032,54.36064910888672,211.17784118652344,53.686607360839844,210.59066772460938,54.22287368774414,211.00851440429688,0.6798363193426006,111.17103576660156
217,2408,2963,146.5825958251953,186.7118377685547,146.00350952148438,187.30836486816406,146.4580841064453,186.54788208007812,0.8859865260077997,114.83030700683594
218,2724,3343,162.8183135986328,232.19619750976562,163.6078338623047,230.55088806152344,162.69973754882812,232.04257202148438,1.7463561924631719,115.61141967773438
219,2755,3365,164.8486785888672,199.59259033203125,164.7364959716797,199.51177978515625,164.7277374267578,199.4330291748047,0.0792361706538884,118.4145278930664
220,2479,3037,150.6046142578125,246.9396514892578,149.788330078125,248.43589782714844,150.48544311523438,246.78768920898438,1.7895692877053253,120.44500732421875
221,364,525,29.444372177124023,216.09207153320312,29.45041847229004,216.58497619628906,29.302183151245117,215.92112731933594,0.680197796113172,124.59935760498047
222,2654,3242,159.3871612548828,204.46473693847656,159.3560028076172,204.83355712890625,159.265869140625,204.30548095703125,0.535713096001594,125.7099838256836
223,2763,3373,165.37826538085938,190.939697265625,164.9530487060547,190.9663543701172,165.25669860839844,190.77862548828125,0.35699495272166004,126.88577270507812
224,2764,3374,165.37826538085938,190.939697265625,164.9530487060547,190.9663543701172,165.25669860839844,190.77862548828125,0.35699495272166004,129.33290100097656
225,3020,3698,178.2602996826172,226.48471069335938,179.2709197998047,227.80691528320312,178.1433868408203,226.33160400390625,1.8568451589770867,131.06105041503906
226,474,661,36.83081817626953,224.01358032226562,36.39304733276367,223.49195861816406,36.6905517578125,223.8451385498047,0.46178452446710505,131.14495849609375
227,359,511,29.29363441467285,175.67901611328125,28.702659606933594,175.50186157226562,29.148950576782227,175.49954223632812,0.4462969965030285,131.17164611816406
228,526,716,40.0234375,247.97210693359375,39.182090759277344,247.27127075195312,39.885284423828125,247.8092803955078,0.8854014380054951,138.7083282470703
229,363,8361,29.430450439453125,196.73867797851562,28.281526565551758,195.95156860351562,29.287076950073242,196.5635986328125,1.1771628318004432,143.1467742919922
230,522,733,39.74760437011719,130.60504150390625,39.91628646850586,130.1106414794922,39.602054595947266,130.41793823242188,0.43951446403140104,143.2445526123047
231,1134,1480,77.25794219970703,240.28147888183594,77.47555541992188,240.39076232910156,77.12625885009766,240.1207275390625,0.44150524518108036,143.73239135742188
232,2519,3081,151.97116088867188,231.94076538085938,152.02989196777344,231.3992919921875,151.8509979248047,231.7859649658203,0.42605054529685404,145.6983184814453
233,3640,4462,216.37661743164062,178.71604919433594,216.62139892578125,178.0404815673828,216.26026916503906,178.55862426757812,0.6315746684750736,145.7292022705078
234,352,510,28.871530532836914,143.0215606689453,28.64743423461914,143.06890869140625,28.724775314331055,142.8354949951172,0.24589346519646949,147.5771026611328
235,2653,3241,159.3871612548828,204.46473693847656,159.3560028076172,204.83355712890625,159.265869140625,204.30548095703125,0.535713096001594,148.38462829589844
236,435,615,34.1916618347168,139.12478637695312,33.8151969909668,140.18954467773438,34.0456428527832,138.93862915039062,1.2719649962864539,148.88250732421875
237,404,584,31.83158302307129,227.80374145507812,32.18205642700195,228.591064453125,31.69057846069336,227.63560485839844,1.074455037924751,150.4858856201172
238,2541,3097,153.2377471923828,136.051025390625,152.51766967773438,134.6996307373047,153.1101531982422,135.8789825439453,1.3198133981362052,154.03895568847656
239,2265,2806,139.07688903808594,230.90768432617188,138.75669860839844,230.525390625,138.95472717285156,230.7513427734375,0.30044913999358946,157.13052368164062
240,2952,3591,174.37289428710938,188.9038848876953,174.22137451171875,188.41543579101562,174.25234985351562,188.7434539794922,0.3294774708092784,157.33721923828125
241,2099,13787,129.7912139892578,247.82916259765625,130.7552947998047,247.6905517578125,129.66891479492188,247.67529296875,1.086487158531031,161.41561889648438
242,3646,4453,216.53585815429688,158.3560791015625,216.28173828125,158.30088806152344,216.417724609375,158.19534301757812,0.17213958794634693,162.04319763183594
243,5991,7158,336.8365478515625,141.3569793701172,336.5201110839844,141.65086364746094,336.7265930175781,141.2082977294922,0.4883639837745369,86.29020690917969
244,6394,7630,356.7118835449219,165.80691528320312,356.7642822265625,165.85186767578125,356.60565185546875,165.66383361816406,0.2460089458888124,105.22357177734375
245,5851,6990,329.99542236328125,155.3472900390625,329.5648193359375,155.24501037597656,329.8865661621094,155.1996307373047,0.3249312723602711,110.0772476196289
246,5726,6826,323.50982666015625,134.43704223632812,323.2111511230469,133.34385681152344,323.39837646484375,134.2858123779297,0.9603820165406451,120.17487335205078
247,5514,11295,313.984375,208.51593017578125,313.28045654296875,207.80064392089844,313.8800048828125,208.37417602539062,0.8296971053900539,125.5826416015625
248,5565,11269,316.16217041015625,229.3699188232422,314.24517822265625,229.44178771972656,316.06011962890625,229.231689453125,1.8270614630465252,132.11737060546875
249,5337,6377,305.7513427734375,188.71324157714844,305.0359191894531,187.44647216796875,305.6443176269531,188.5675506591797,1.2755256336931193,138.48826599121094
250,6923,284,381.6468505859375,180.6582489013672,381.554443359375,180.7189178466797,381.5434265136719,180.52001953125,0.19920318965823294,139.02877807617188
251,5122,6124,293.2919616699219,157.76539611816406,292.8296203613281,157.50119018554688,293.18084716796875,157.61370849609375,0.36880976113884784,141.38600158691406
252,7372,1040,402.7006530761719,195.4917755126953,402.3423156738281,195.99002075195312,402.5997619628906,195.35789489746094,0.6825406124689801,141.76388549804688
253,6697,7961,370.9136047363281,146.43589782714844,370.1640930175781,145.74349975585938,370.8058776855469,146.29200744628906,0.8442441865362583,143.9583282470703
254,5236,11611,299.3292236328125,247.69667053222656,298.8799133300781,247.71510314941406,299.2276611328125,247.55975341796875,0.3808701528955984,144.2081756591797
255,8180,9799,445.85076904296875,130.0790557861328,445.9806213378906,130.8990020751953,445.74298095703125,129.94252014160156,0.9855610787293843,145.17919921875
256,4749,12235,274.1274719238281,163.62222290039062,273.84442138671875,163.23468017578125,274.015380859375,163.46913146972656,0.2901629723509435,147.82421875
257,5302,6340,304.0423278808594,143.8819122314453,303.3282165527344,143.35498046875,303.93060302734375,143.72955322265625,0.7093477375457141,150.91387939453125
258,7657,9163,418.13861083984375,153.37875366210938,418.0862121582031,152.2391357421875,418.033203125,153.24139404296875,1.0036591349088837,151.5123748779297
259,5894,7049,332.098876953125,229.48681640625,332.03741455078125,229.3196258544922,331.9980163574219,229.3502655029297,0.04990997592021355,152.44671630859375
260,5645,6738,319.9986877441406,183.9418487548828,319.8504943847656,184.2995147705078,319.8921813964844,183.79705810546875,0.5041830096187453,154.76756286621094
261,7496,734,409.9146728515625,173.58840942382812,409.75885009765625,174.1310577392578,409.81146240234375,173.45252990722656,0.6805645255562168,155.4541778564453
262,7712,295,421.31512451171875,131.10848999023438,421.3717041015625,130.92520141601562,421.2071228027344,130.96900939941406,0.17031190015201625,155.99038696289062
263,5355,6427,306.864013671875,231.02981567382812,306.6651306152344,230.683837890625,306.76141357421875,230.89089965820312,0.22835276171608762,157.9366912841797
264,5466,11318,311.7210693359375,173.4011993408203,312.0204162597656,174.07858276367188,311.6128845214844,173.25393676757812,0.9198495184430932,158.2687530517578
265,7166,866,393.5442810058594,192.91873168945312,393.342041015625,192.7672576904297,393.4427490234375,192.78347778320312,0.10200585398466835,158.84898376464844
266,3982,11446,235.76351928710938,133.50743103027344,235.5795440673828,133.5875701904297,235.64511108398438,133.34519958496094,0.2510827434558537,161.51161193847656
267,4880,12063,280.2266845703125,221.2473907470703,280.2608337402344,220.9275665283203,280.12078857421875,221.1040802001953,0.22532138132707055,161.96295166015625
268,4160,5080,245.61007690429688,222.18211364746094,246.00180053710938,222.9942626953125,245.50086975097656,222.03529357910156,1.081921170114544,162.23748779296875
269,5427,11348,310.0904235839844,148.22567749023438,310.4560241699219,148.13140869140625,309.97955322265625,148.0746612548828,0.47983834271573544,166.1776123046875
270,6563,7826,364.7728576660156,172.57493591308594,365.0662536621094,172.7860870361328,364.6677551269531,172.43370056152344,0.5319561166198775,166.43016052246094
271,6014,7237,337.8837890625,131.47344970703125,339.2059326171875,131.85301208496094,337.7728271484375,131.32362365722656,1.5277576352223643,170.1646270751953
272,6239,7467,349.050537109375,181.8404998779297,349.2204284667969,181.39080810546875,348.9456481933594,181.69871520996094,0.41268751334048154,172.8178253173828
273,7390,979,403.5587158203125,209.4127960205078,403.5143737792969,209.65966796875,403.45947265625,209.28086853027344,0.3827572963406017,174.34161376953125
274,3954,4836,234.47496032714844,256.0754699707031,234.0889434814453,254.7183380126953,234.36766052246094,255.93360900878906,1.2468226750020233,175.40809631347656
275,5088,6080,291.1747131347656,251.54364013671875,290.5562744140625,251.47824096679688,291.07281494140625,251.4065704345703,0.5214890042735303,175.56765747070312
276,6280,7511,350.72509765625,249.71878051757812,350.78106689453125,249.02708435058594,350.627685546875,249.58734130859375,0.5808732192182863,177.5133819580078
277,7053,580,387.98504638671875,195.57000732421875,387.7574768066406,195.31173706054688,387.88360595703125,195.4344940185547,0.17600520821155474,177.5950469970703
278,10576,5280,575.0699462890625,219.0817413330078,574.8817749023438,219.52810668945312,574.972412109375,218.9693603515625,0.5660499742996286,91.4494400024414
279,10237,12318,557.8113403320312,190.53807067871094,558.0768432617188,192.01780700683594,557.7103271484375,190.42091369628906,1.6384145710302238,96.33275604248047
280,9915,5977,540.3789672851562,177.1209259033203,540.0250854492188,176.4196014404297,540.2765502929688,177.00047302246094,0.6329663201574781,100.06997680664062
281,9528,6423,519.4313354492188,157.2321014404297,518.93115234375,157.08583068847656,519.32666015625,157.1072540283203,0.3960876029852436,100.32946014404297
282,9928,3234,671.6417846679688,205.8772735595703,671.65869140625,205.10511779785156,671.537109375,205.77406311035156,0.6799044208111892,100.50870513916016
283,11409,4385,616.6009521484375,184.83413696289062,616.5360107421875,184.85037231445312,616.49658203125,184.72308349609375,0.13325564350345126,102.48414611816406
284,9387,6585,513.2114868164062,178.60745239257812,512.8690185546875,178.5386505126953,513.1097412109375,178.48403930664062,0.2468395856802616,102.8299560546875
285,11285,4549,609.6923828125,182.56983947753906,609.5545043945312,182.75167846679688,609.5880737304688,182.4578094482422,0.29578015548981645,103.30537414550781
286,9595,3053,679.6212768554688,228.9236297607422,680.508544921875,230.35079956054688,679.5195922851562,228.8231658935547,1.819805467131299,111.3058853149414
287,8591,7302,469.0286560058594,135.43190002441406,468.9871826171875,135.59649658203125,468.921630859375,135.2987823486328,0.30484553091742705,114.32410430908203
288,9661,3118,678.1377563476562,216.0263214111328,677.9498291015625,216.2046356201172,678.0341796875,215.92462158203125,0.29244295661409325,115.25189971923828
289,10969,3904,639.8029174804688,220.9635009765625,640.0585327148438,220.9707794189453,639.7026977539062,220.858154296875,0.37323308742225003,115.63736724853516
290,9402,2972,685.24609375,214.7275390625,684.977294921875,216.22064208984375,685.1417236328125,214.62649536132812,1.6026043157990177,116.71760559082031
291,9581,6344,522.0582885742188,161.69737243652344,522.1765747070312,162.02679443359375,521.9541625976562,161.57327270507812,0.505122860928346,117.75822448730469
292,9159,6814,499.95172119140625,170.3219451904297,500.0203552246094,169.91961669921875,499.84906005859375,170.1961212158203,0.3252641720223491,120.17487335205078
293,11041,4767,598.1411743164062,253.53163146972656,597.6718139648438,253.18170166015625,598.0477905273438,253.42527770996094,0.4479817714905061,120.17903137207031
294,9435,6532,514.8854370117188,168.07342529296875,514.3994750976562,167.3733367919922,514.7822875976562,167.94911193847656,0.6914205879675217,121.26829528808594
295,8713,7178,475.771728515625,132.87246704101562,475.6829528808594,133.32086181640625,475.66436767578125,132.73992919921875,0.5812298302393937,122.27837371826172
296,10622,5257,577.529541015625,229.11631774902344,576.8483276367188,227.56640625,577.433349609375,229.0052490234375,1.5532286487069207,123.2598876953125
297,9594,3052,679.6212768554688,228.9236297607422,680.508544921875,230.35079956054688,679.5195922851562,228.8231658935547,1.819805467131299,123.60420989990234
298,10948,3902,640.618408203125,206.1935577392578,640.0916137695312,206.1987762451172,640.515869140625,206.0869903564453,0.438735347114928,125.50299072265625
299,10282,5606,559.9266357421875,132.95309448242188,560.20849609375,132.6575469970703,559.8174438476562,132.8310089111328,0.42779772650774217,127.69886779785156
300,9458,6498,516.0945434570312,159.58505249023438,515.957275390625,159.53524780273438,515.990234375,159.4600372314453,0.08211531333836976,129.88072204589844
301,11284,4555,609.6875610351562,175.4298858642578,609.3876953125,175.92745971679688,609.5822143554688,175.3172607421875,0.6404533134365151,130.6904754638672
302,11088,4712,600.0521850585938,179.7598876953125,599.6996459960938,179.1699676513672,599.9479370117188,179.64651489257812,0.5373506318465155,130.7478485107422
303,9676,6237,527.0892333984375,161.04513549804688,526.8723754882812,160.5099639892578,526.9849243164062,160.92156982421875,0.4267160672932311,131.41537475585938
304,11278,4115,629.3516235351562,241.02932739257812,629.0274047851562,240.8936767578125,629.2550048828125,240.9248046875,0.22971885525521077,133.09019470214844
305,10502,5328,571.3151245117188,190.11181640625,572.4839477539062,191.76437377929688,571.213623046875,189.9961395263672,2.1772407387626758,134.60684204101562
306,10971,4842,594.75146484375,256.60198974609375,594.1591796875,255.6072540283203,594.65869140625,256.4956359863281,1.0191832320453345,135.8528594970703
307,11331,4489,612.1218872070312,213.23968505859375,611.5521240234375,212.1423797607422,612.02197265625,213.13067626953125,1.0942978237392347,138.71914672851562
308,8537,7353,465.9858703613281,140.32232666015625,466.3436584472656,140.95068359375,465.87945556640625,140.1893310546875,0.8917073529668008,139.19410705566406
309,8484,7408,462.4022521972656,142.88748168945312,462.5268859863281,143.30426025390625,462.296142578125,142.7543182373047,0.5963880800728559,142.08448791503906
310,8843,7071,483.0686950683594,136.51060485839844,482.6980285644531,136.7141876220703,482.9617614746094,136.37933349609375,0.42624210676916024,142.2357177734375
311,9667,6228,526.6759643554688,178.70790100097656,527.209716796875,179.52532958984375,526.5740356445312,178.58602905273438,1.1341851817313777,146.92855834960938
312,9533,6385,519.533935546875,164.39230346679688,519.70166015625,164.88296508789062,519.4302368164062,164.26817321777344,0.672041422067215,147.8749542236328
313,7379,10724,856.1438598632812,159.78968811035156,856.3267822265625,160.4447784423828,856.0097045898438,159.7050018310547,0.8048649963660187,85.67379760742188
314,5958,162,911.4397583007812,141.6873779296875,911.5435180664062,141.70606994628906,911.292724609375,141.6090087890625,0.2689204832879878,87.48143005371094
315,6537,7595,891.6289672851562,215.57952880859375,892.2327270507812,216.2086944580078,891.49951171875,215.5006103515625,1.0193075222552577,103.74488067626953
316,8792,2691,706.7953491210938,160.4663848876953,707.1390380859375,160.84825134277344,706.6803588867188,160.36402893066406,0.6669767253697652,105.76861572265625
317,9055,2712,695.9210815429688,222.427490234375,695.3087768554688,221.09194946289062,695.8170776367188,222.3282012939453,1.3366705929305949,105.89617919921875
318,7993,4779,772.4852294921875,192.57684326171875,772.3093872070312,191.892822265625,772.3685302734375,192.48385620117188,0.5939857029188175,106.49413299560547
319,8313,3285,722.9949340820312,150.74917602539062,722.2123413085938,150.79150390625,722.8767700195312,150.64822387695312,0.6797019043031889,107.9027328491211
320,10646,3638,732.964111328125,199.5436553955078,733.0836181640625,198.8927459716797,732.8529663085938,199.4467010498047,0.6000554199502343,111.38671112060547
321,7512,6893,850.293212890625,147.15756225585938,850.3963012695312,147.15977478027344,850.1576538085938,147.07183837890625,0.2543332878278553,114.35908508300781
322,8881,2569,703.5711059570312,245.31988525390625,703.3598022460938,245.40220642089844,703.4701538085938,245.22325134277344,0.2102436380319658,114.58184814453125
323,7973,4801,773.0960083007812,182.34078979492188,773.0374755859375,182.1417999267578,772.9774780273438,182.24734497070312,0.12140619151685968,115.63736724853516
324,5854,5329,790.564208984375,149.54881286621094,790.4386596679688,149.48716735839844,790.4378051757812,149.45594787597656,0.03123117416281784,117.60527038574219
325,6007,147,910.0056762695312,191.65541076660156,910.3176879882812,192.02003479003906,909.8684692382812,191.5777587890625,0.6304010996114956,118.64653015136719
326,7826,6750,840.61962890625,133.21188354492188,840.6160888671875,132.93594360351562,840.4830322265625,133.12464904785156,0.23089784394063537,118.80656433105469
327,6601,7534,888.3870239257812,209.2495574951172,890.0921630859375,210.3477020263672,888.2568969726562,209.17005920410156,2.180606411847909,119.87493133544922
328,7331,10673,857.4309692382812,180.29052734375,858.4210815429688,179.5539093017578,857.3004150390625,180.20660400390625,1.296882333594723,123.60015869140625
329,7072,10474,870.099609375,145.07662963867188,868.7338256835938,144.69009399414062,869.96044921875,144.99327087402344,1.2635353249888557,123.71337890625
330,5794,320,916.520751953125,203.11024475097656,916.2786865234375,203.06568908691406,916.3846435546875,203.0336151123047,0.11070515940350888,126.79905700683594
331,7103,12268,782.2349853515625,192.0943145751953,781.966796875,191.88711547851562,782.1170654296875,192.0023956298828,0.18939417052040391,127.04329681396484
332,9216,2847,690.3020629882812,222.21591186523438,689.9863891601562,221.72279357910156,690.198486328125,222.1160125732422,0.44677330494707157,129.29811096191406
333,11157,3876,740.677734375,154.94729614257812,740.6400756835938,154.66390991210938,740.558349609375,154.8486785888672,0.2020361727959665,130.5718231201172
334,6258,7952,901.37939453125,191.5531463623047,901.3902587890625,191.57603454589844,901.2437133789062,191.4745330810547,0.17826414278617717,131.83322143554688
335,5918,240,912.7340087890625,187.66189575195312,913.67578125,188.6381072998047,912.5955810546875,187.58445739746094,1.50897666604297,132.7026824951172
336,3468,5643,801.8981323242188,223.29127502441406,801.7694702148438,222.44163513183594,801.783203125,223.2032012939453,0.7616899711111881,134.67739868164062
337,6556,5236,786.0538330078125,189.65573120117188,786.075439453125,189.51416015625,785.9349975585938,189.56411743164062,0.14906258787496443,137.73162841796875
338,2237,12061,809.7816772460938,162.0955047607422,809.929443359375,160.6066436767578,809.6548461914062,162.00540161132812,1.4254568966404648,137.96014404296875
339,7065,12381,782.7745361328125,182.86248779296875,782.7988891601562,182.4168243408203,782.6549072265625,182.77015686035156,0.38154248329602325,138.773193359375
340,8667,2867,712.236328125,195.4751739501953,711.539306640625,195.18995666503906,712.1265258789062,195.3756561279297,0.6158820701445027,139.2156524658203
341,7621,6829,847.4545288085938,136.80690002441406,847.4059448242188,136.3616485595703,847.3175659179688,136.72059631347656,0.36966785240846695,140.417236328125
342,8614,3382,724.9384765625,192.84231567382812,724.811279296875,192.92100524902344,724.8270263671875,192.74404907226562,0.17765544944124004,146.01712036132812
343,9628,4358,756.30517578125,138.9814453125,756.2803955078125,138.70809936523438,756.1812744140625,138.8839874267578,0.20189502572542203,148.1654510498047
344,8947,2613,701.0694580078125,185.9065704345703,700.3119506835938,187.8968048095703,700.9591674804688,185.80516052246094,2.18948975927142,148.75146484375
345,216,6249,822.1356201171875,164.47198486328125,822.4440307617188,165.2303466796875,822.0075073242188,164.3834228515625,0.9528025409982496,149.12745666503906
346,8685,2885,711.4803466796875,167.4765167236328,711.8853149414062,167.982421875,711.3660888671875,167.37513732910156,0.798993263948881,150.5689239501953
347,8699,4596,764.1187133789062,182.79534912109375,763.7694091796875,183.31944274902344,764.0013427734375,182.70089721679688,0.66059955142827,150.63531494140625
348,11557,2692,1146.578369140625,140.41778564453125,1146.33251953125,139.99777221679688,1146.3759765625,140.36822509765625,0.37299309712389284,42.69660568237305
349,5563,9013,925.2861938476562,169.0944061279297,925.1825561523438,168.62020874023438,925.141845703125,169.01803588867188,0.3999047145377322,77.29812622070312
350,672,12754,1103.9676513671875,166.57894897460938,1104.962646484375,164.51449584960938,1103.7828369140625,166.52346801757812,2.3297896458423075,81.06787109375
351,46,2959,1135.057861328125,166.58958435058594,1134.89599609375,166.57395935058594,1134.8646240234375,166.53773498535156,0.04792088722390102,90.16096496582031
352,5661,530,922.00439453125,194.92547607421875,921.7807006835938,195.1341094970703,921.86572265625,194.8492431640625,0.2972836415204813,99.04544067382812
353,826,4120,1093.65771484375,223.93460083007812,1093.380859375,224.48849487304688,1093.4881591796875,223.87722778320312,0.6206131671274973,99.48869323730469
354,4096,7728,972.581787109375,237.85108947753906,971.3239135742188,235.1688232421875,972.4420776367188,237.7813262939453,2.8417359247668297,100.01499938964844
355,2904,11492,1021.3475952148438,180.7815704345703,1020.8692016601562,180.63853454589844,1021.1858520507812,180.71636962890625,0.3260763254665971,100.25467681884766
356,3339,6851,1004.5127563476562,156.50027465820312,1004.159423828125,156.20860290527344,1004.3497314453125,156.4331817626953,0.2943682257997607,106.00942993164062
357,5421,796,930.0975341796875,182.37448120117188,930.3841552734375,183.17779541015625,929.9548950195312,182.29888916015625,0.9781311578069276,111.7944564819336
358,3510,6993,997.7899169921875,218.64675903320312,997.5902709960938,218.41481018066406,997.6411743164062,218.5792236328125,0.17211313507749348,117.4010238647461
359,5802,347,916.421142578125,165.50735473632812,917.6490478515625,168.02000427246094,916.2777709960938,165.42990112304688,2.930705467792509,118.04660034179688
360,3688,10410,989.3326416015625,226.04527282714844,989.338623046875,224.99459838867188,989.1871337890625,225.9769744873047,0.9939878240690916,120.05415344238281
361,204,13346,1126.539794921875,165.02813720703125,1127.521484375,163.88035583496094,1126.3485107421875,164.975341796875,1.6046374668635337,121.01239776611328
362,3649,7141,991.7415161132812,218.55419921875,991.740478515625,217.59922790527344,991.593994140625,218.48602294921875,0.898812061604154,122.7762222290039
363,3156,6615,1010.5379638671875,236.75735473632812,1010.26025390625,237.05455017089844,1010.3902587890625,236.6914520263672,0.38567023753088386,123.36125946044922
364,2168,12477,1046.0606689453125,237.3188018798828,1045.766357421875,236.78878784179688,1045.9052734375,237.2565460205078,0.4879501748622482,124.24974822998047
365,3643,7137,991.7415161132812,218.55419921875,991.740478515625,217.59922790527344,991.593994140625,218.48602294921875,0.898812061604154,125.13192749023438
366,4682,9210,954.738037109375,234.13259887695312,955.039306640625,234.36732482910156,954.6010131835938,234.06089782714844,0.5347884273265313,125.28766632080078
367,504,12852,1111.3724365234375,163.23532104492188,1111.4437255859375,162.71157836914062,1111.184814453125,163.1807861328125,0.5359019501589951,130.19216918945312
368,1457,4685,1071.1710205078125,131.01190185546875,1070.9105224609375,130.7953643798828,1070.98681640625,130.9533233642578,0.17541894662814572,130.37254333496094
369,2994,6412,1018.0667114257812,187.1932830810547,1017.9410400390625,186.92324829101562,1017.9070434570312,187.12771606445312,0.20727478853998704,130.4147186279297
370,524,12848,1110.4144287109375,148.83326721191406,1110.8414306640625,148.8082275390625,1110.223876953125,148.7790069580078,0.6182446346308643,132.8946990966797
371,3927,7439,977.8836669921875,138.42440795898438,979.1743774414062,137.72296142578125,977.7227172851562,138.3541717529297,1.582954101148423,133.214111328125
372,3782,10278,984.2941284179688,130.60226440429688,983.5094604492188,130.3904571533203,984.1302490234375,130.5328826904297,0.6369171747577879,135.96690368652344
373,4800,513,950.9031372070312,238.42384338378906,950.6286010742188,238.3273468017578,950.7676391601562,238.3518829345703,0.14118644111442244,137.24066162109375
374,5579,596,924.7111206054688,129.94155883789062,924.024658203125,129.2389373779297,924.5592651367188,129.86474609375,0.8230681151904627,142.2462615966797
375,1589,4789,1065.8212890625,229.19110107421875,1066.4915771484375,228.63287353515625,1065.6595458984375,229.1308135986328,0.9696495798955443,142.98251342773438
376,5420,758,930.314208984375,152.9349822998047,929.3917846679688,152.46678161621094,930.165771484375,152.8590087890625,0.8676968059718854,146.03082275390625
377,3346,6850,1004.2542724609375,221.2707061767578,1004.2048950195312,221.72669982910156,1004.1046752929688,221.2039031982422,0.5323159877649514,146.4411163330078
378,2011,5361,1050.8177490234375,217.0694580078125,1050.8250732421875,217.0400390625,1050.656982421875,217.00755310058594,0.1712012312888289,148.2059326171875
379,2996,6413,1018.0667114257812,187.1932830810547,1017.9410400390625,186.92324829101562,1017.9070434570312,187.12771606445312,0.20727478853998704,148.80523681640625
380,11517,13634,1141.485595703125,173.07391357421875,1140.1080322265625,173.8298797607422,1141.2921142578125,173.0226287841797,1.4330751536085733,148.89593505859375
381,3785,10277,983.8350219726562,246.2088165283203,983.4114990234375,245.40847778320312,983.6947631835938,246.14041137695312,0.784834613207659,150.066650390625
382,12719,2074,1295.608642578125,168.2804412841797,1294.183837890625,167.8383026123047,1295.366455078125,168.24728393554688,1.2513389368717578,122.1883773803711
383,12975,1730,1324.3114013671875,252.56192016601562,1323.2623291015625,252.2139434814453,1324.08056640625,252.52743530273438,0.8762359321537768,130.7669677734375
384,11826,1852,1182.1915283203125,193.02874755859375,1182.0872802734375,192.9843292236328,1181.9910888671875,192.9814910888672,0.09623326683273507,131.87493896484375
385,12937,14525,1321.2064208984375,132.6649932861328,1320.0262451171875,130.96792602539062,1320.9462890625,132.63742065429688,1.906224849605368,135.3477020263672
386,13202,14744,1343.1375732421875,135.80018615722656,1343.00634765625,135.01698303222656,1342.8702392578125,135.77508544921875,0.7702238445897516,138.50270080566406
387,12792,1955,1303.9774169921875,175.5192413330078,1303.900390625,175.55068969726562,1303.734130859375,175.48660278320312,0.17818373163601156,146.41038513183594
388,13147,1512,1337.4940185546875,138.46864318847656,1336.8685302734375,138.00868225097656,1337.2294921875,138.442626953125,0.564447967421586,151.7399139404297
389,11973,8647,1204.5531005859375,184.54428100585938,1202.7662353515625,181.77932739257812,1204.3441162109375,184.4998321533203,3.144972839247248,152.95423889160156
390,11804,1923,1179.790283203125,235.14700317382812,1179.4332275390625,234.9229278564453,1179.600341796875,235.0984649658203,0.242364295910007,155.04515075683594
391,12702,2077,1294.1683349609375,131.70126342773438,1293.908935546875,130.73681640625,1293.91748046875,131.67041015625,0.933632853818305,159.06602478027344
392,12016,828,1210.0069580078125,242.2928924560547,1209.880859375,242.4827880859375,1209.8099365234375,242.24728393554688,0.24595173454352082,161.71580505371094
393,11696,2286,1164.4454345703125,218.43377685546875,1164.3187255859375,218.29356384277344,1164.2559814453125,218.38394165039062,0.11002261264148898,161.85487365722656
394,12099,463,1223.7332763671875,229.53456115722656,1223.697509765625,229.27024841308594,1223.5291748046875,229.49069213867188,0.2773663556093957,163.0919952392578
395,13368,1149,1366.1917724609375,231.6952667236328,1365.9827880859375,231.9879150390625,1365.94091796875,231.66607666015625,0.32455053358498415,168.04165649414062
396,12058,670,1216.844970703125,234.88124084472656,1216.843505859375,234.8365936279297,1216.6441650390625,234.83651733398438,0.19934083491253493,168.36270141601562
397,12167,247,1232.655517578125,235.78858947753906,1232.5421142578125,235.3076934814453,1232.4501953125,235.74545288085938,0.44730569444477575,168.60308837890625
398,13323,1208,1358.6253662109375,153.35752868652344,1358.146728515625,152.69573974609375,1358.35693359375,153.3328857421875,0.6709256256902357,169.5435028076172
399,13197,1436,1342.8206787109375,143.0606231689453,1341.99169921875,143.02354431152344,1342.555419921875,143.03489685058594,0.5638350035913964,172.59779357910156
400,11868,1719,1186.37744140625,174.70758056640625,1186.04052734375,174.70547485351562,1186.1715087890625,174.66143798828125,0.13818605036624332,174.52220153808594
401,11882,1626,1189.125,193.26699829101562,1189.17138671875,193.25904846191406,1188.922607421875,193.22052001953125,0.2517450683252109,175.94317626953125
402,12072,606,1219.57763671875,230.2425994873047,1219.0860595703125,229.68008422851562,1219.3748779296875,230.19827270507812,0.5932413859081573,176.36610412597656
403,12281,2527,1247.14013671875,251.8616180419922,1246.6011962890625,252.111083984375,1246.9342041015625,251.8195037841797,0.44262084940948465,180.22763061523438
404,13096,1587,1332.93115234375,202.24964904785156,1332.1607666015625,201.72308349609375,1332.6845703125,202.21864318847656,0.7210754026497117,189.40960693359375
405,3529,4334,210.1802520751953,279.8323059082031,210.33058166503906,280.19586181640625,210.07211303710938,279.69268798828125,0.565676526765803,89.4930191040039
406,2245,2777,138.1278839111328,266.2150573730469,137.20640563964844,266.4097900390625,138.00830078125,266.0658264160156,0.8725518850496644,94.18598937988281
407,3488,4282,207.79953002929688,284.9170227050781,207.68067932128906,284.5791931152344,207.6915283203125,284.7781677246094,0.19927015821678967,96.11451721191406
408,2340,13609,142.72972106933594,264.978271484375,142.63270568847656,264.9591369628906,142.6107635498047,264.8292236328125,0.13175329514468945,113.80685424804688
409,2923,3546,172.94430541992188,272.64471435546875,172.82156372070312,272.5354919433594,172.83047485351562,272.5001220703125,0.036475145062824205,118.23281860351562
410,3337,4076,197.14297485351562,295.8360595703125,196.77159118652344,295.4681701660156,197.0345001220703,295.6984558105469,0.3495033425699447,122.40506744384766
411,2830,3455,168.23622131347656,283.8223876953125,168.225830078125,284.0179138183594,168.1226348876953,283.6796569824219,0.35364803744156176,124.5913314819336
412,3762,4591,222.2665252685547,273.2637634277344,222.1034698486328,272.8739013671875,222.15933227539062,273.1239929199219,0.256254552100763,124.97200012207031
413,1175,1533,79.33309173583984,358.3273620605469,80.40747833251953,356.9912109375,79.2098617553711,358.1941223144531,1.6974337237913009,131.30499267578125
414,3593,4404,213.6785125732422,284.72296142578125,213.6361846923828,284.66497802734375,213.57125854492188,284.5846252441406,0.10330524862081214,134.2832794189453
415,2569,3160,155.05352783203125,378.76641845703125,154.8960418701172,379.3894958496094,154.94554138183594,378.6438293457031,0.7473076586708879,135.70187377929688
416,3382,4131,199.83493041992188,287.7210388183594,199.29681396484375,286.55145263671875,199.7261199951172,287.58203125,1.1164210432367538,136.7845001220703
417,3612,4425,214.58116149902344,278.4979553222656,214.8026580810547,279.1781921386719,214.4734649658203,278.35845947265625,0.8833627515640428,139.10067749023438
418,1266,1628,84.52337646484375,328.3360290527344,84.1783218383789,329.2789001464844,84.39907836914062,328.1958923339844,1.1052779595242026,141.37892150878906
419,3200,8141,188.98741149902344,274.0606384277344,188.085693359375,273.842041015625,188.87596130371094,273.9178771972656,0.7938983249074016,142.64991760253906
420,3213,8226,189.75035095214844,293.4667053222656,189.34243774414062,292.5393981933594,189.64064025878906,293.32794189453125,0.8430456146617993,147.28543090820312
421,2467,3039,149.75779724121094,377.6538391113281,149.93052673339844,378.0588073730469,149.64881896972656,377.5306091308594,0.598625631896074,149.39210510253906
422,3184,3903,188.41342163085938,268.06805419921875,188.5269012451172,268.1536560058594,188.30137634277344,267.92401123046875,0.32186674951191924,149.4121856689453
423,2750,3351,164.45423889160156,288.6535339355469,164.0568084716797,288.40631103515625,164.34048461914062,288.511474609375,0.30254178881725097,153.3590545654297
424,3074,12802,181.79055786132812,274.4940185546875,182.40447998046875,274.59228515625,181.6781463623047,274.35064697265625,0.7654734068834691,154.40206909179688
425,1301,1667,86.67670440673828,364.32427978515625,86.52704620361328,364.3554382324219,86.55531311035156,364.1930847167969,0.1647958799616902,155.7819061279297
426,1179,1505,79.64382934570312,341.7878723144531,78.85271453857422,343.13177490234375,79.51952362060547,341.65057373046875,1.6243741143724346,163.4105224609375
427,2915,3541,172.51673889160156,266.54156494140625,172.57493591308594,266.4232482910156,172.40234375,266.39569091796875,0.17477832693994835,164.6147003173828
428,2802,3432,167.28733825683594,258.9767761230469,167.48080444335938,259.2236328125,167.17156982421875,258.8288879394531,0.5014474693044535,167.0478973388672
429,94,123,9.024002075195312,304.81768798828125,8.704282760620117,304.55609130859375,8.88288688659668,304.66534423828125,0.20936961685295608,177.8594970703125
430,1517,1941,98.76399993896484,291.0120849609375,98.61204528808594,291.37017822265625,98.63968658447266,290.8645324707031,0.5064006987891897,181.298095703125
431,13910,11118,229.70294189453125,329.56719970703125,229.2071990966797,330.04779052734375,229.6017608642578,329.43939208984375,0.7251397432128622,182.14280700683594
432,2665,3256,159.77279663085938,277.52569580078125,159.94374084472656,277.5099182128906,159.65744018554688,277.380859375,0.31404498258116176,183.21299743652344
433,3838,4702,227.5345916748047,290.9950866699219,227.52313232421875,290.43878173828125,227.4296417236328,290.8592529296875,0.4307394980733838,185.310546875
434,1368,1742,90.86456298828125,325.43231201171875,90.21708679199219,326.41632080078125,90.74124908447266,325.2920227050781,1.2404806797608956,186.02149963378906
435,1329,14567,88.57744598388672,348.4409484863281,88.59042358398438,348.04742431640625,88.45531463623047,348.3059997558594,0.29174592653804865,188.25779724121094
436,1696,14213,108.32723999023438,285.9472351074219,107.94754028320312,285.33563232421875,108.20423126220703,285.7994384765625,0.5301003731878499,190.21829223632812
437,3812,4655,225.7465362548828,258.9374694824219,225.3555908203125,258.8720703125,225.6384735107422,258.7952880859375,0.2931179401889852,190.87429809570312
438,3368,4107,198.70101928710938,304.1769104003906,198.31874084472656,304.02777099609375,198.59347534179688,304.0411682128906,0.2750609556050804,192.2992401123047
439,5012,11891,286.66717529296875,265.8621520996094,286.8866271972656,266.1478271484375,286.5662841796875,265.7271423339844,0.5287677770274197,101.51354217529297
440,4455,12582,260.1325378417969,374.49737548828125,259.9403381347656,372.4456481933594,260.03936767578125,374.3815002441406,1.9383833502451822,115.35163879394531
441,4655,5600,269.4603576660156,372.926513671875,269.30029296875,372.5643615722656,269.3681640625,372.8110046386719,0.2558110388022752,115.75836944580078
442,5267,11537,301.4947204589844,366.5705871582031,302.0932922363281,364.6632080078125,301.40545654296875,366.45611572265625,1.9203218519314438,136.6052703857422
443,7823,132,426.8069763183594,337.1700439453125,426.5354309082031,337.515625,426.723876953125,337.0599060058594,0.49314471858394704,137.35719299316406
444,4934,5908,282.9246520996094,279.0593566894531,282.44757080078125,278.01031494140625,282.82470703125,278.9263916015625,0.9906705727007378,139.63165283203125
445,5442,6512,310.70703125,293.84075927734375,310.2801513671875,293.6302795410156,310.6112060546875,293.7130432128906,0.34124336110458664,139.83204650878906
446,7720,310,421.6540832519531,344.1478271484375,420.95404052734375,343.1807861328125,421.57159423828125,344.0384521484375,1.056864977303506,140.73379516601562
447,4074,4984,241.35531616210938,321.3018798828125,241.40821838378906,320.8460693359375,241.2548370361328,321.1733703613281,0.36145788002283474,144.06942749023438
448,7570,572,413.8232116699219,374.845703125,413.9120178222656,374.5489501953125,413.7439270019531,374.7412109375,0.2553795545062633,145.1723175048828
449,5392,6450,308.4900207519531,317.1208801269531,307.7296447753906,316.89215087890625,308.3963928222656,316.99725341796875,0.6749811121275998,147.9324188232422
450,8226,7677,447.6452331542969,338.2652893066406,448.6226501464844,338.8102111816406,447.56317138671875,338.1570129394531,1.244653841833683,148.0033721923828
451,3932,4826,232.82701110839844,268.52569580078125,233.53970336914062,268.7989196777344,232.7206573486328,268.3860168457031,0.9172377731041775,150.4858856201172
452,4065,4973,240.75152587890625,264.58856201171875,241.04197692871094,264.2557067871094,240.64572143554688,264.44891357421875,0.44084836219251367,154.65121459960938
453,4198,5111,247.81210327148438,262.14532470703125,247.94671630859375,260.85882568359375,247.7068634033203,262.0058898925781,1.1718727386969365,156.03524780273438
454,4667,5605,270.00836181640625,270.89385986328125,269.5570983886719,270.0678405761719,269.9063415527344,270.7581787109375,0.7736520716420713,157.93353271484375
455,3970,4843,235.3206329345703,302.7718811035156,234.59605407714844,302.6470947265625,235.21771240234375,302.63909912109375,0.6217097417537004,158.0917510986328
456,5360,6424,306.975830078125,279.9911193847656,306.59832763671875,279.0196533203125,306.87823486328125,279.8605651855469,0.8862735585437864,160.281005859375
457,4821,5777,277.77880859375,283.41436767578125,276.97711181640625,281.5309143066406,277.6788024902344,283.2817077636719,1.886172720330989,160.3839111328125
458,7483,768,408.9054870605469,382.17840576171875,408.7013854980469,381.9872741699219,408.8267822265625,382.0749206542969,0.1529909989042443,161.72508239746094
459,5155,11700,294.95318603515625,305.7410583496094,295.13751220703125,305.53436279296875,294.8570861816406,305.6141052246094,0.29154349781866723,161.7745361328125
460,4319,5239,253.6830291748047,371.4149169921875,253.49722290039062,371.701416015625,253.58876037597656,371.29791259765625,0.4137561090172686,164.006103515625
461,7571,558,413.8232116699219,374.845703125,413.9120178222656,374.5489501953125,413.7439270019531,374.7412109375,0.2553795545062633,164.83628845214844
462,7618,486,416.5089416503906,334.3061828613281,415.9449462890625,334.06903076171875,416.4250183105469,334.1947021484375,0.4962483685130943,165.066650390625
463,7382,1010,403.3873596191406,276.6655578613281,402.8171691894531,276.3922424316406,403.2959899902344,276.5434875488281,0.5021398657086072,165.22711181640625
464,5393,6451,308.4900207519531,317.1208801269531,307.7296447753906,316.89215087890625,308.3963928222656,316.99725341796875,0.6749811121275998,165.80410766601562
465,4379,5309,256.7473449707031,361.3048400878906,256.2774353027344,361.6151123046875,256.6524963378906,361.1858825683594,0.5700078478764915,167.5977325439453
466,5359,6429,306.93988037109375,294.7302551269531,306.7265625,294.94720458984375,306.84381103515625,294.60235595703125,0.36423591057024685,169.31626892089844
467,4610,12417,267.303466796875,381.75738525390625,267.0498962402344,380.4875793457031,267.21185302734375,381.64361572265625,1.1673260494522082,170.41419982910156
468,5167,11708,295.4996643066406,256.96112060546875,294.9990539550781,257.5522155761719,295.3987121582031,256.8254089355469,0.8294423260129071,172.04940795898438
469,7751,9313,423.196044921875,327.2218322753906,423.6927490234375,326.7651672363281,423.1116027832031,327.1097106933594,0.6756042823440321,172.69337463378906
470,4653,5599,269.4303283691406,259.9165954589844,269.2027587890625,260.11688232421875,269.3271789550781,259.77886962890625,0.3601846191937916,173.5223388671875
471,4038,4913,239.0234832763672,299.39593505859375,238.79286193847656,298.8959045410156,238.9207000732422,299.2628173828125,0.3885455213688773,176.61822509765625
472,7398,977,403.8022155761719,380.11517333984375,404.0224609375,380.1539001464844,403.72296142578125,380.01092529296875,0.3318761308946217,177.6119384765625
473,4206,5099,248.1532440185547,379.81854248046875,247.1610565185547,378.97979736328125,248.05906677246094,379.7029724121094,1.1529980777817146,179.76373291015625
474,10182,3437,662.82958984375,289.6669921875,662.5308837890625,289.4165954589844,662.7385864257812,289.5706787109375,0.25861561018695534,108.1480484008789
475,8463,7394,461.571533203125,347.7398986816406,463.5035400390625,348.1246337890625,461.49114990234375,347.6343078613281,2.071263763447689,110.97296905517578
476,11116,4707,601.7119140625,329.3895263671875,601.1759643554688,328.5814514160156,601.6295166015625,329.2926025390625,0.8434723230477199,114.65164947509766
477,8462,7445,461.4881896972656,359.2776794433594,461.0710144042969,359.32012939453125,461.4092712402344,359.1740417480469,0.3684552720667632,114.83030700683594
478,9953,5909,542.712890625,325.2001953125,542.8741455078125,325.0864562988281,542.6307983398438,325.0977783203125,0.24361041096164932,115.03477478027344
479,10142,3398,664.2107543945312,345.4147644042969,664.5004272460938,344.286865234375,664.1283569335938,345.324951171875,1.1027505298475724,119.05880737304688
480,9370,6609,511.07537841796875,293.5622253417969,511.29833984375,294.0404052734375,510.9889831542969,293.45257568359375,0.6642628907332312,131.8825225830078
481,10161,12223,553.623291015625,295.5644836425781,553.5281372070312,295.1805114746094,553.5369873046875,295.4589538574219,0.27858299441069256,133.38290405273438
482,11338,4471,612.7142944335938,302.7704162597656,612.6346435546875,301.74853515625,612.6276245117188,302.67108154296875,0.9225730879513117,144.28443908691406
483,8677,7230,473.6010437011719,368.6068420410156,472.9223327636719,368.12762451171875,473.5237121582031,368.50567626953125,0.7103381643639134,148.0067596435547
484,9501,3049,681.9239501953125,328.6786193847656,680.5936279296875,326.36175537109375,681.837890625,328.5882873535156,2.550614499232256,150.6253662109375
485,8621,7261,470.6724548339844,351.7652893066406,470.63604736328125,351.6496276855469,470.5928649902344,351.6611022949219,0.04468091317630286,151.15223693847656
486,8589,7318,468.7047424316406,368.62506103515625,468.23028564453125,368.56036376953125,468.6272277832031,368.5235595703125,0.39864471717750816,155.50241088867188
487,10086,12108,549.1771850585938,272.6468811035156,548.0477294921875,270.1729736328125,549.0877685546875,272.53802490234375,2.5836309254685075,155.88136291503906
488,9660,6260,526.3884887695312,289.4278564453125,526.0211181640625,289.1129455566406,526.3015747070312,289.3190612792969,0.34805109340453233,158.99685668945312
489,9749,11721,531.0838623046875,338.2430725097656,530.9268798828125,338.0337219238281,531.0035400390625,338.1415710449219,0.13231860215770405,161.89193725585938
490,10786,3800,645.06640625,307.0709533691406,644.9751586914062,306.9060974121094,644.97900390625,306.9749755859375,0.06898542242453835,165.47506713867188
491,11340,4451,612.7215576171875,324.8442077636719,613.6447143554688,324.3125915527344,612.63818359375,324.74761962890625,1.0965188558998562,166.04518127441406
492,11381,10025,614.9981689453125,275.0028991699219,614.5433349609375,275.1869201660156,614.9072875976562,274.9005432128906,0.46311260083881206,166.520263671875
493,10260,5620,558.5402221679688,264.3216247558594,559.0504760742188,265.4327697753906,558.4495239257812,264.212646484375,1.360089824236049,166.59231567382812
494,10033,5852,546.0855102539062,299.0213317871094,546.1881103515625,299.3095397949219,545.999755859375,298.91558837890625,0.43666363817923637,167.17955017089844
495,9758,13396,675.8455810546875,287.16851806640625,677.5332641601562,287.37200927734375,675.7533569335938,287.0731506347656,1.8048230449030316,167.6454620361328
496,11339,4492,612.7193603515625,311.47393798828125,611.4960327148438,310.2018127441406,612.6339721679688,311.37567138671875,1.6348854124169627,172.47898864746094
497,9527,6406,519.349609375,306.96514892578125,519.1282348632812,306.1270751953125,519.2650146484375,306.8581237792969,0.7437343220350596,172.7888946533203
498,11397,9985,616.0574340820312,278.95361328125,615.3386840820312,278.0448303222656,615.9671020507812,278.851806640625,1.0228000400081765,175.67868041992188
499,11365,4190,626.0564575195312,352.8970031738281,625.5784301757812,353.60205078125,625.976806640625,352.8051452636719,0.8909333373984065,181.7195587158203
500,10790,5039,586.1029663085938,369.2419738769531,585.688232421875,369.3473815917969,586.0266723632812,369.1493225097656,0.392133897940649,181.93679809570312
501,9419,6537,514.2415771484375,348.5622253417969,514.0534057617188,348.6524963378906,514.1625366210938,348.4609375,0.2204639037165331,184.0923614501953
502,10838,11862,588.626220703125,321.5507507324219,588.105712890625,321.16033935546875,588.5430297851562,321.4516906738281,0.5254823088860389,184.52642822265625
503,11414,4390,616.9130249023438,273.01678466796875,616.468994140625,272.8036193847656,616.82177734375,272.9143981933594,0.36976740370209177,185.27276611328125
504,10446,3582,654.9700317382812,272.01458740234375,655.1331176757812,273.9617614746094,654.876708984375,271.91571044921875,2.062054852696866,186.19345092773438
505,10358,13027,657.2363891601562,258.0796203613281,656.542724609375,257.8946228027344,657.1408081054688,257.97955322265625,0.6040836403411606,186.47520446777344
506,10381,3557,656.8614501953125,264.4286804199219,656.251220703125,264.9479675292969,656.766845703125,264.3291931152344,0.8054507533818502,187.79510498046875
507,10322,5561,562.3579711914062,380.6129150390625,562.1021118164062,381.06231689453125,562.2835083007812,380.5202331542969,0.5716287833639057,188.321533203125
508,9623,6292,524.9122314453125,356.4044189453125,524.949462890625,357.2967834472656,524.8343505859375,356.3052062988281,0.9982364870079192,188.6875762939453
509,8957,3465,727.5326538085938,290.447265625,726.9939575195312,290.7153015136719,727.4370727539062,290.35693359375,0.5698935663475616,89.71064758300781
510,8320,3273,722.6626586914062,300.337646484375,721.6761474609375,301.74969482421875,722.5691528320312,300.2478332519531,1.7472969910837886,102.36209869384766
511,9106,2748,693.5738525390625,366.985595703125,693.3973999023438,366.2866516113281,693.4932250976562,366.90069580078125,0.6214762542992484,102.79591369628906
512,8807,2676,706.2295532226562,380.16754150390625,706.023193359375,379.9220275878906,706.1502685546875,380.085205078125,0.20682117537355688,105.0333251953125
513,1790,5952,812.6712036132812,257.02691650390625,812.5709228515625,257.12469482421875,812.5608520507812,256.9420166015625,0.18295560680455267,108.91739654541016
514,8761,13721,707.869873046875,360.5331726074219,707.8984375,360.7757568359375,707.7872924804688,360.4486083984375,0.3455131191797112,110.30412292480469
515,8872,2570,703.7198486328125,358.62078857421875,703.7227783203125,358.5997009277344,703.63720703125,358.5356750488281,0.10687262830835462,112.34767150878906
516,8938,2605,701.2552490234375,359.3424987792969,701.0264282226562,359.6111755371094,701.1729125976562,359.25726318359375,0.3830295368377083,113.2298583984375
517,11302,3805,738.903564453125,376.454345703125,738.6405029296875,376.49578857421875,738.8213500976562,376.37396240234375,0.21805346664530312,120.73110961914062
518,8798,2678,706.5143432617188,330.17132568359375,706.2884521484375,329.77392578125,706.4269409179688,330.08319091796875,0.3388569964984445,120.81390380859375
519,11392,3719,736.8878173828125,353.54217529296875,736.0084838867188,353.5730895996094,736.8019409179688,353.45904541015625,0.8016109639894428,120.87596893310547
520,8414,4706,767.8179321289062,305.8082580566406,767.6372680664062,305.3578186035156,767.72119140625,305.7229309082031,0.37463331673083666,120.9710693359375
521,8888,2557,703.1656494140625,257.9845275878906,703.043701171875,258.55072021484375,703.0667724609375,257.8889465332031,0.6621757244804378,126.38433074951172
522,10835,3631,733.6829833984375,280.54425048828125,732.7521362304688,280.472900390625,733.585205078125,280.4535827636719,0.8332927910683089,126.60963439941406
523,8941,2601,701.2520751953125,310.01129150390625,701.0640258789062,310.0979919433594,701.1617431640625,309.9205627441406,0.20255811154756245,128.05467224121094
524,7291,7033,859.777587890625,348.52252197265625,859.59619140625,348.426025390625,859.6777954101562,348.44854736328125,0.08465490361379037,128.25755310058594
525,11298,3806,738.903564453125,376.454345703125,738.6405029296875,376.49578857421875,738.8213500976562,376.37396240234375,0.21805346664530312,130.72872924804688
526,8985,2635,699.1310424804688,348.82366943359375,698.9466552734375,349.2601318359375,699.047119140625,348.7370300292969,0.5326617019468862,132.51414489746094
527,9228,4443,758.826416015625,379.7189636230469,758.8720703125,380.45611572265625,758.7431030273438,379.6404113769531,0.8258366304781696,136.98904418945312
528,8447,3347,723.8521118164062,377.779296875,723.6678466796875,377.1572265625,723.771240234375,377.6979675292969,0.5505370290210606,138.2353057861328
529,10852,4004,744.2972412109375,375.2276916503906,743.9494018554688,375.4148254394531,744.2144165039062,375.1475524902344,0.37638755727380285,139.79627990722656
530,9155,2820,692.0263671875,376.87451171875,690.8035888671875,377.36761474609375,691.9473876953125,376.7907409667969,1.2810382962504996,145.80123901367188
531,11143,3859,740.9038696289062,290.4371337890625,740.2120361328125,291.26861572265625,740.80712890625,290.3480224609375,1.0961876493189944,146.35914611816406
532,8828,4544,762.9790649414062,377.19769287109375,762.4177856445312,377.2494812011719,762.8949584960938,377.119140625,0.49465401652579755,147.34652709960938
533,11137,3864,740.9038696289062,290.4371337890625,740.2120361328125,291.26861572265625,740.80712890625,290.3480224609375,1.0961876493189944,151.9769744873047
534,7280,12072,780.9017333984375,347.31158447265625,780.5223388671875,347.8459777832031,780.8108520507812,347.23126220703125,0.6790545609122445,152.80052185058594
535,11346,3783,738.5146484375,361.6579895019531,738.128662109375,361.2658386230469,738.4299926757812,361.5758972167969,0.4323614712355149,154.50242614746094
536,209,6243,822.2632446289062,261.7491455078125,822.3280639648438,260.8897705078125,822.1525268554688,261.66546630859375,0.7953095322686604,154.954833984375
537,9858,4299,753.6093139648438,380.202392578125,753.4811401367188,380.1015930175781,753.5265502929688,380.1235046386719,0.0504202482104708,154.97096252441406
538,7194,7098,865.2330322265625,298.593994140625,865.186767578125,298.662109375,865.1232299804688,298.5167541503906,0.15863532909528497,157.076416015625
539,6794,7398,879.7732543945312,267.9807434082031,879.9288330078125,267.9253234863281,879.6555786132812,267.90301513671875,0.2741635033933841,159.2921905517578
540,7180,7099,866.56884765625,261.62664794921875,866.2000732421875,261.5594787597656,866.4519653320312,261.5472717285156,0.25218770100421295,160.77313232421875
541,11372,3790,738.4574584960938,344.1960144042969,738.364990234375,343.981201171875,738.369873046875,344.11199951171875,0.1308894478702973,162.08023071289062
542,9019,2646,698.0975952148438,265.1983337402344,698.3964233398438,264.87310791015625,698.0003051757812,265.1029052734375,0.4579480626351207,164.790771484375
543,1662,4945,1062.073486328125,337.3627014160156,1061.952392578125,337.3661193847656,1061.9359130859375,337.3042907714844,0.06398711653950534,69.74238586425781
544,3091,6517,1013.4789428710938,277.3847351074219,1013.2401733398438,278.6435852050781,1013.3390502929688,277.320068359375,1.3272051434195216,78.51114654541016
545,3099,11351,1012.3818969726562,259.0768127441406,1013.01025390625,259.6563415527344,1012.2384643554688,259.0115661621094,1.0056810702458037,79.5235824584961
546,284,3380,1122.3616943359375,300.90618896484375,1121.5491943359375,300.79583740234375,1122.2020263671875,300.85198974609375,0.6552425098653316,84.73487854003906
547,2385,5774,1038.694091796875,334.9931335449219,1038.1768798828125,333.3870849609375,1038.56103515625,334.9327392578125,1.5926777701587949,88.48728942871094
548,844,4105,1092.9129638671875,279.0504455566406,1093.7333984375,279.6410827636719,1092.755615234375,278.9932556152344,1.1729194373724257,90.68627166748047
549,2165,5464,1046.285400390625,306.3359680175781,1046.3365478515625,306.9120788574219,1046.1446533203125,306.2751770019531,0.6651822942796912,91.47677612304688
550,1115,9858,1084.5880126953125,346.6676330566406,1083.465576171875,346.27764892578125,1084.447509765625,346.6113586425781,1.0370900431589538,93.39700317382812
551,3359,6862,1003.7603759765625,269.095458984375,1003.6053466796875,268.768310546875,1003.6207885742188,269.0296325683594,0.2617778657934899,96.33275604248047
552,688,3866,1102.9637451171875,297.1205749511719,1102.9481201171875,297.07794189453125,1102.8079833984375,297.0645751953125,0.1407727551411179,98.3005599975586
553,1968,12655,1052.3802490234375,374.1343078613281,1051.9639892578125,373.7674255371094,1052.252685546875,374.0767517089844,0.423117274434997,102.71806335449219
554,1590,11333,1065.725830078125,275.7145080566406,1065.5274658203125,274.575439453125,1065.57421875,275.65472412109375,1.0802968253895682,123.24365997314453
555,1426,10705,1073.32470703125,306.1392822265625,1073.276611328125,305.7702331542969,1073.1778564453125,306.0808410644531,0.32592913452304884,134.5176544189453
556,2295,5628,1042.00732421875,353.7221984863281,1041.2923583984375,353.04241943359375,1041.8775634765625,353.6628723144531,0.8528931708191743,139.1078643798828
557,212,3228,1126.0523681640625,383.6295166015625,1125.982666015625,383.7330017089844,1125.910400390625,383.5777282714844,0.17126634505852875,141.5273895263672
558,210,3227,1126.0523681640625,383.6295166015625,1125.982666015625,383.7330017089844,1125.910400390625,383.5777282714844,0.17126634505852875,146.22242736816406
559,3616,7115,993.1155395507812,270.0019226074219,993.045654296875,270.8101501464844,992.978271484375,269.93511962890625,0.8776211313052185,148.82203674316406
560,2814,11675,1025.4744873046875,291.1240539550781,1025.5277099609375,291.1141662597656,1025.3349609375,291.0609130859375,0.19997021417920827,150.678466796875
561,3802,7310,983.0219116210938,268.1601867675781,984.0453491210938,268.4078369140625,982.8862915039062,268.09234619140625,1.2012281032520544,152.77761840820312
562,3044,6465,1015.5801391601562,298.04119873046875,1015.55419921875,298.4906311035156,1015.4441528320312,297.9773864746094,0.5249097601788015,155.52491760253906
563,5498,750,927.5746459960938,286.0865478515625,928.2452392578125,286.17681884765625,927.4526977539062,286.0142517089844,0.8090427120924711,162.4222869873047
564,1693,12009,1060.4144287109375,362.68310546875,1060.1925048828125,362.20416259765625,1060.28271484375,362.6256103515625,0.4309942532389131,169.98529052734375
565,5487,751,927.5746459960938,286.0865478515625,928.2452392578125,286.17681884765625,927.4526977539062,286.0142517089844,0.8090427120924711,171.7527313232422
566,1830,5183,1055.755859375,337.3338317871094,1055.407958984375,337.938232421875,1055.61962890625,337.27490234375,0.6962836694709185,175.53062438964844
567,2907,6335,1021.2960205078125,318.73028564453125,1022.1702270507812,319.0616149902344,1021.1631469726562,318.6677551269531,1.0813583474779214,179.04469299316406
568,186,3154,1128.8731689453125,361.03802490234375,1128.053466796875,361.02032470703125,1128.7254638671875,360.9856872558594,0.6728891554574699,184.50474548339844
569,2983,6402,1018.6778564453125,322.3240966796875,1018.5502319335938,321.44964599609375,1018.5462646484375,322.2615051269531,0.8118688242020695,184.73223876953125
570,1246,4496,1080.02685546875,299.41680908203125,1079.3626708984375,301.2078857421875,1079.8770751953125,299.35882568359375,1.9192797818270753,185.91127014160156
571,260,13198,1123.2413330078125,366.5041809082031,1122.2255859375,366.6334533691406,1123.09619140625,366.45159912109375,0.8893957779021112,188.72996520996094
572,11615,13918,1155.51953125,352.30755615234375,1154.7755126953125,351.1996765136719,1155.3631591796875,352.2570495605469,1.2096967185439573,62.801273345947266
573,12764,1989,1301.1068115234375,300.5499572753906,1300.913818359375,300.82012939453125,1300.8958740234375,300.5116882324219,0.3089626994891448,70.78135681152344
574,11567,13802,1148.5914306640625,305.1716613769531,1149.1837158203125,305.094970703125,1148.426025390625,305.1198425292969,0.7580985390944586,76.91553497314453
575,12723,2043,1296.6378173828125,313.51812744140625,1297.293701171875,314.3550720214844,1296.4315185546875,313.47918701171875,1.2290375973551078,106.9205322265625
576,11828,14469,1182.3956298828125,339.8031005859375,1182.313232421875,339.2982482910156,1182.2293701171875,339.7545166015625,0.46391126021772594,109.82713317871094
577,11642,13991,1158.3447265625,323.58880615234375,1159.6256103515625,321.9493713378906,1158.1810302734375,323.53802490234375,2.1472381679648977,113.81124877929688
578,12194,202,1236.0731201171875,379.78375244140625,1235.28125,379.70184326171875,1235.9014892578125,379.73980712890625,0.6214000258638802,117.6095199584961
579,11827,14493,1182.2822265625,367.9646911621094,1183.1185302734375,367.9422302246094,1182.12255859375,367.91656494140625,0.9963023102961454,125.65428924560547
580,12902,1786,1318.041748046875,295.43695068359375,1318.017822265625,295.3005676269531,1317.823974609375,295.40032958984375,0.21801230028007273,132.3744659423828
581,11841,1775,1184.139892578125,279.15728759765625,1183.8408203125,279.4926452636719,1183.958984375,279.108642578125,0.401772084861201,133.7161102294922
582,12280,13869,1247.0238037109375,370.4075622558594,1245.9764404296875,370.0958251953125,1246.8466796875,370.36431884765625,0.9107168644463203,134.0596923828125
583,12450,14048,1266.45947265625,373.9814758300781,1266.63916015625,374.7341613769531,1266.277587890625,373.939697265625,0.8728732596761015,134.50650024414062
584,12451,14049,1266.45947265625,373.9814758300781,1266.63916015625,374.7341613769531,1266.277587890625,373.939697265625,0.8728732596761015,136.04779052734375
585,11869,14532,1186.5645751953125,289.643798828125,1184.9544677734375,290.31866455078125,1186.385498046875,289.5953369140625,1.603449566882519,137.8005828857422
586,12721,14308,1296.3765869140625,359.81768798828125,1296.1119384765625,358.9214782714844,1296.1820068359375,359.7781677246094,0.8595501114426755,139.7640838623047
587,12036,767,1212.7060546875,267.4100036621094,1212.950927734375,268.7722473144531,1212.5142822265625,267.36419677734375,1.4741999913671264,140.8154754638672
588,12819,1945,1306.5938720703125,286.81329345703125,1305.48876953125,284.72613525390625,1306.377685546875,286.77587890625,2.234193528582097,140.9751739501953
589,12606,2168,1284.1290283203125,319.8114929199219,1283.71337890625,319.7552795410156,1283.9283447265625,319.7713623046875,0.21556660035810607,142.71299743652344
590,12913,1804,1318.7049560546875,324.7621154785156,1316.744384765625,324.71484375,1318.494384765625,324.7248229980469,1.7500284527377208,146.195068359375
591,12541,14106,1278.4388427734375,354.74725341796875,1275.4775390625,353.05194091796875,1278.24853515625,354.70635986328125,3.2273086927324885,148.55975341796875
592,14807,8161,1239.4859619140625,362.8271484375,1238.1297607421875,362.6100769042969,1239.3092041015625,362.78326416015625,1.1920907950176807,149.62954711914062
593,12662,2124,1290.5391845703125,287.9443664550781,1289.909423828125,287.35992431640625,1290.3284912109375,287.90545654296875,0.6879119722432204,153.63919067382812
594,13289,1277,1353.7611083984375,307.3271179199219,1353.53173828125,307.2286071777344,1353.5343017578125,307.2933044433594,0.06474803156419733,154.86122131347656
595,13126,14690,1336.182373046875,326.9501647949219,1336.91357421875,328.07208251953125,1335.966552734375,326.9142761230469,1.4957825188201532,157.9746856689453
596,11895,1573,1191.23046875,282.5293273925781,1191.0010986328125,282.86724853515625,1191.04833984375,282.4813232421875,0.3888059461529066,158.6915283203125
597,11913,1372,1194.5345458984375,352.42889404296875,1194.94482421875,352.83074951171875,1194.367919921875,352.3814392089844,0.731230685827731,161.61373901367188
598,12540,14105,1278.4388427734375,354.74725341796875,1275.4775390625,353.05194091796875,1278.24853515625,354.70635986328125,3.2273086927324885,165.32090759277344
599,12370,13959,1257.0875244140625,277.4193115234375,1256.298095703125,278.1263122558594,1256.884765625,277.3775329589844,0.95123710643637,170.226318359375
600,11708,2258,1165.713623046875,318.1680603027344,1165.3656005859375,318.2735900878906,1165.5467529296875,318.11785888671875,0.2388898881588611,171.9593048095703
601,12035,770,1212.677734375,293.81158447265625,1212.679443359375,293.7793884277344,1212.4921875,293.7654724121094,0.1877722353308524,176.67767333984375
602,11966,8641,1203.701904296875,364.22161865234375,1203.0699462890625,364.0240173339844,1203.5355224609375,364.175048828125,0.4894606051973225,178.16845703125
603,13061,1620,1330.5595703125,326.8979797363281,1330.0994873046875,327.0838317871094,1330.3455810546875,326.86163330078125,0.3315634194472793,178.5329132080078
604,11742,14208,1170.1185302734375,348.4746398925781,1169.6241455078125,348.72064208984375,1169.95751953125,348.4252014160156,0.4454474506099719,180.5076141357422
605,12260,13852,1245.4197998046875,289.51971435546875,1244.7320556640625,289.8592834472656,1245.2235107421875,289.47662353515625,0.622861703872059,181.38357543945312
606,2050,2556,127.36730194091797,478.9427490234375,126.9132308959961,478.76580810546875,127.2621078491211,478.84417724609375,0.3575707631002351,90.0
607,1812,2294,114.28636932373047,503.7226867675781,114.35503387451172,503.7435607910156,114.18043518066406,503.6304016113281,0.20806177890438096,98.71676635742188
608,1536,1959,99.57670593261719,433.36248779296875,99.26341247558594,433.9012756347656,99.46271514892578,433.25,0.6810884729899459,100.07997131347656
609,1427,14479,94.02196502685547,433.96368408203125,93.56423950195312,434.0220031738281,93.90690612792969,433.85101318359375,0.3829595191642493,112.03124237060547
610,1070,1401,73.36904907226562,416.051513671875,73.50870513916016,415.6656188964844,73.24855041503906,415.9327392578125,0.37287232120203084,116.3271255493164
611,3691,4514,218.6551971435547,490.488037109375,218.9927215576172,490.2339782714844,218.56695556640625,490.39715576171875,0.4559644422441531,118.32159423828125
612,2283,2836,140.16378784179688,458.1606750488281,140.20359802246094,457.6035461425781,140.05941772460938,458.0571594238281,0.47597580528316447,131.15640258789062
613,1710,14195,109.14617919921875,415.47650146484375,108.58500671386719,415.0022277832031,109.03276062011719,415.3598937988281,0.5730694018137737,131.5636749267578
614,1881,2363,117.76980590820312,457.8074035644531,117.62345886230469,457.7704772949219,117.66116333007812,457.7025451660156,0.07769427924766117,137.1641387939453
615,1993,2507,124.45470428466797,456.93206787109375,124.40864562988281,457.13983154296875,124.3472900390625,456.8273620605469,0.31843631383669807,139.66030883789062
616,1811,2293,114.28636932373047,503.7226867675781,114.35503387451172,503.7435607910156,114.18043518066406,503.6304016113281,0.20806177890438096,147.29562377929688
617,3305,8683,195.29718017578125,506.4206848144531,195.24977111816406,505.7908630371094,195.20651245117188,506.3329162597656,0.5437766163250928,147.52627563476562
618,2070,2586,128.86131286621094,455.9371643066406,128.9613494873047,456.292724609375,128.75465393066406,455.8324279785156,0.5045751098850096,151.40673828125
619,2229,13700,136.95750427246094,494.62091064453125,135.84349060058594,494.0780944824219,136.85536193847656,494.52716064453125,1.1070429180461825,152.381103515625
620,2681,3276,161.2460174560547,384.9592590332031,160.95008850097656,385.0631408691406,161.13954162597656,384.8385925292969,0.29379319852380836,158.73248291015625
621,1825,2319,114.63237762451172,475.6283874511719,115.79141998291016,475.6906433105469,114.52444458007812,475.5282287597656,1.2773430070606968,159.3047332763672
622,1957,2444,121.92135620117188,463.687744140625,121.38460540771484,463.6011962890625,121.81395721435547,463.584716796875,0.4296679503155041,160.11871337890625
623,1891,2388,118.2918930053711,466.2859802246094,118.53453826904297,466.5946960449219,118.1839828491211,466.1834716796875,0.5403652292653708,164.03353881835938
624,1951,2423,121.66352081298828,484.68170166015625,120.5527114868164,483.3083190917969,121.55764770507812,484.58441162109375,1.6242872117028628,165.61099243164062
625,891,1184,62.000244140625,492.2943115234375,60.80673599243164,491.24139404296875,61.88239288330078,492.19622802734375,1.438313486202401,166.57431030273438
626,2481,3058,150.60763549804688,470.549560546875,150.66708374023438,470.57501220703125,150.50616455078125,470.4499206542969,0.20382071067422874,166.7932891845703
627,2301,2852,140.9191131591797,481.0352478027344,141.21714782714844,481.1618957519531,140.81666564941406,480.9379577636719,0.4588400563140938,167.11373901367188
628,13887,1501,77.862548828125,460.01611328125,78.66632080078125,460.2804870605469,77.7459716796875,459.9096374511719,0.9922559838426918,170.15875244140625
629,1305,1690,86.85350036621094,479.5094299316406,87.40397644042969,479.3507995605469,86.74016571044922,479.4089050292969,0.6663489556800251,170.9619903564453
630,1745,2166,110.26437377929688,489.1585388183594,108.89341735839844,487.7422180175781,110.15655517578125,489.06195068359375,1.8268036171004602,173.3983917236328
631,3578,9841,212.79148864746094,504.0018310546875,212.81280517578125,503.3782958984375,212.70350646972656,503.9142150878906,0.5469511721985094,174.80274963378906
632,1668,2123,106.81016540527344,401.6987609863281,106.83785247802734,401.98626708984375,106.69529724121094,401.5784606933594,0.43200469043443607,175.66445922851562
633,1069,1400,73.36904907226562,416.051513671875,73.50870513916016,415.6656188964844,73.24855041503906,415.9327392578125,0.37287232120203084,177.4429473876953
634,1458,14453,95.52254486083984,417.68988037109375,95.2872543334961,418.05621337890625,95.40663146972656,417.5729675292969,0.49777249001855717,177.73294067382812
635,13816,14634,83.35379028320312,414.41229248046875,83.67277526855469,414.5690002441406,83.23521423339844,414.2937316894531,0.516945293707907,177.856689453125
636,2791,3406,166.50283813476562,391.81622314453125,166.39544677734375,391.40478515625,166.39779663085938,391.69757080078125,0.29279507416472084,179.40457153320312
637,2150,2674,132.67771911621094,454.4574890136719,132.53323364257812,454.8362731933594,132.57167053222656,454.3525695800781,0.4852283792063107,182.2717742919922
638,1228,14645,81.9693603515625,394.28936767578125,82.58067321777344,390.63690185546875,81.84912109375,394.1654357910156,3.6035704855697106,186.0644989013672
639,1909,13990,119.04714965820312,498.0926818847656,119.06626892089844,498.5736083984375,118.94175720214844,497.9990234375,0.5879209516947219,188.62661743164062
640,528,730,40.16343688964844,471.7487487792969,39.70081329345703,470.6226501464844,40.03933334350586,471.6435546875,1.0755658539352135,191.65855407714844
641,4929,5901,282.4241943359375,507.45440673828125,282.2893371582031,507.7159118652344,282.3467712402344,507.37091064453125,0.34974921882031235,88.71302032470703
642,4995,5978,286.2094421386719,502.63812255859375,285.8976135253906,502.5220947265625,286.1320495605469,502.5535888671875,0.23654203743413085,89.9388656616211
643,4994,5979,286.2094421386719,502.63812255859375,285.8976135253906,502.5220947265625,286.1320495605469,502.5535888671875,0.23654203743413085,96.46761322021484
644,4411,5359,258.0621643066406,397.1274108886719,258.0350036621094,396.98052978515625,257.97088623046875,397.016357421875,0.07344838046574576,107.41973876953125
645,4034,11622,238.96005249023438,472.2915954589844,238.7320556640625,472.2857666015625,238.87322998046875,472.1971435546875,0.16668602835924923,117.07262420654297
646,4187,5095,246.9049072265625,393.0185852050781,246.7816162109375,392.6160888671875,246.8118133544922,392.9058532714844,0.2913336188571193,124.4829330444336
647,4843,5819,278.6973876953125,451.2844543457031,278.7757873535156,451.81494140625,278.61395263671875,451.1871032714844,0.6483603928577869,127.11412048339844
648,4412,5360,258.1040954589844,405.69769287109375,258.07318115234375,406.11151123046875,258.0136413574219,405.58856201171875,0.5263277235435867,128.93020629882812
649,4040,4915,239.16488647460938,412.0848083496094,238.81381225585938,412.0492858886719,239.07252502441406,411.97589111328125,0.2689220884714969,129.79214477539062
650,4131,5037,244.22511291503906,410.1859130859375,243.86227416992188,410.4435729980469,244.13327026367188,410.0768737792969,0.45596841980516495,130.07305908203125
651,5063,6067,290.2077331542969,500.77130126953125,290.08709716796875,500.71282958984375,290.13067626953125,500.6864929199219,0.05091913467026404,138.64703369140625
652,5396,11402,308.6385192871094,397.0614318847656,308.4899597167969,397.1232604980469,308.5531005859375,396.953857421875,0.18078764220025553,139.2910614013672
653,3984,4874,235.90086364746094,463.67510986328125,235.8663787841797,462.5884704589844,235.8127899169922,463.5783386230469,0.9913176831424445,142.17945861816406
654,7872,63,429.7383117675781,415.5700988769531,429.0568542480469,415.0518493652344,429.6648254394531,415.474365234375,0.7403706026414021,143.70803833007812
655,7827,127,427.0006408691406,406.79705810546875,426.7641906738281,406.43603515625,426.9259338378906,406.699462890625,0.3091197540742007,144.35719299316406
656,4866,5840,279.7371826171875,421.5980224609375,279.6712341308594,421.42120361328125,279.6509704589844,421.493896484375,0.07546436182536907,146.28054809570312
657,5344,6417,306.23468017578125,406.0148620605469,306.3461608886719,406.4329528808594,306.1499328613281,405.9090270996094,0.559467302863753,146.55374145507812
658,4547,12457,264.7461853027344,443.2127380371094,265.1420593261719,444.15234375,264.6601867675781,443.1126708984375,1.145914831478233,149.01678466796875
659,5556,6627,315.82110595703125,458.6080017089844,315.4851989746094,457.99237060546875,315.7428283691406,458.51446533203125,0.5821991140760265,151.23822021484375
660,5009,11898,286.539306640625,404.6952819824219,286.13885498046875,404.1031799316406,286.45220947265625,404.5878601074219,0.5771532816933725,156.7513885498047
661,5866,10723,330.4831237792969,468.9014892578125,329.76873779296875,469.1148681640625,330.40753173828125,468.8111267089844,0.7073305988721864,158.29403686523438
662,5239,11593,299.6281433105469,400.39105224609375,299.50201416015625,400.3102722167969,299.5421142578125,400.2835693359375,0.04817739800187182,159.83741760253906
663,5753,6847,325.05584716796875,450.7530822753906,324.00726318359375,450.05035400390625,324.9777526855469,450.6582946777344,1.1451819664559075,162.52691650390625
664,4697,5651,271.2593994140625,508.4795837402344,271.17364501953125,508.3035583496094,271.1805725097656,508.39581298828125,0.09251436903219724,169.82933044433594
665,5445,11353,310.77227783203125,432.7727355957031,310.332275390625,432.4766845703125,310.6907653808594,432.6730651855469,0.4087547175728666,169.87936401367188
666,5901,7064,332.5431213378906,494.2095642089844,332.81353759765625,492.70257568359375,332.4704284667969,494.12518310546875,1.46339869907449,170.14405822753906
667,4792,5748,276.12371826171875,460.1074523925781,275.5212707519531,460.03466796875,276.04083251953125,460.0120544433594,0.5200536528662192,170.2086944580078
668,4289,12615,252.4631805419922,478.1141052246094,252.8974151611328,477.8125305175781,252.3788299560547,478.0218200683594,0.55922511656053,170.79812622070312
669,4745,12234,273.81939697265625,452.4618835449219,273.86822509765625,452.9200439453125,273.7354736328125,452.3645324707031,0.571153175462453,171.47010803222656
670,4513,12521,262.6211242675781,468.0599060058594,261.9432373046875,467.42181396484375,262.5372314453125,467.9656677246094,0.8053607583611448,171.5080108642578
671,3944,4824,233.63052368164062,484.00146484375,233.4220733642578,483.41278076171875,233.5439910888672,483.90966796875,0.5116256718395235,173.2137451171875
672,6996,450,385.357421875,411.46527099609375,385.43572998046875,411.7171936035156,385.280517578125,411.3658447265625,0.3841053542682532,173.50791931152344
673,4135,12105,244.427490234375,497.08380126953125,244.43313598632812,496.8092956542969,244.34376525878906,496.9958801269531,0.20688376537870787,174.22686767578125
674,7150,8872,392.7708435058594,392.0123291015625,393.01812744140625,391.3257141113281,392.6922302246094,391.9095764160156,0.6686584978529387,175.1399383544922
675,10050,3342,668.3064575195312,409.497314453125,667.9578857421875,409.9065246582031,668.2338256835938,409.416259765625,0.5625855634105137,81.26499938964844
676,9456,3001,682.8450317382812,454.20733642578125,682.972412109375,453.968017578125,682.7788696289062,454.1336975097656,0.25477152802940645,91.64605712890625
677,10740,12822,646.4177856445312,476.35296630859375,646.2529907226562,475.82257080078125,646.3562622070312,476.2808532714844,0.469774224962137,97.19053649902344
678,10138,3394,664.4844970703125,467.8594055175781,664.7489624023438,467.3421325683594,664.421142578125,467.786865234375,0.552497041957853,98.72689819335938
679,11429,4228,623.613037109375,503.0350036621094,623.62060546875,503.180908203125,623.5559692382812,502.9663391113281,0.22409314457105808,98.84330749511719
680,11224,4049,631.8173217773438,495.8782043457031,631.865234375,495.9718017578125,631.759033203125,495.80865478515625,0.19466798297234827,101.46920776367188
681,10104,5760,550.3854370117188,506.3971252441406,550.2326049804688,506.12030029296875,550.3284301757812,506.32568359375,0.22663796746458917,101.4839859008789
682,9322,13603,687.5693969726562,505.43426513671875,687.802490234375,506.1964111328125,687.5111694335938,505.3689880371094,0.8772096603838626,101.6513671875
683,9258,6747,505.31927490234375,504.2515869140625,504.076904296875,504.836181640625,505.2606506347656,504.1776428222656,1.354595425858078,102.08819580078125
684,11149,10774,603.090576171875,473.22442626953125,602.6664428710938,473.6881408691406,603.0292358398438,473.1495056152344,0.6494202606364302,110.18620300292969
685,11440,4324,618.41455078125,472.389404296875,619.9674072265625,472.46160888671875,618.3529663085938,472.3151550292969,1.6210700817563461,114.49890899658203
686,10642,3683,649.6624145507812,452.793212890625,649.2619018554688,452.0257263183594,649.59716796875,452.71746826171875,0.768706890119583,115.32996368408203
687,11059,8288,637.9390258789062,458.8471374511719,638.4952392578125,459.4886169433594,637.875,458.7716979980469,0.9479818094667155,119.69962310791016
688,10764,5064,584.1229248046875,478.2953186035156,584.8883666992188,478.81195068359375,584.0623779296875,478.22027587890625,1.016039626143459,120.87183380126953
689,9452,3000,682.8450317382812,454.20733642578125,682.972412109375,453.968017578125,682.7788696289062,454.1336975097656,0.25477152802940645,121.55657196044922
690,9753,3150,676.3819580078125,504.40997314453125,676.5220336914062,504.3626708984375,676.323974609375,504.343994140625,0.19893773211095023,124.14507293701172
691,10674,12894,648.829833984375,415.23968505859375,649.9332885742188,414.1722106933594,648.7588500976562,415.1581726074219,1.5334362168711924,126.96062469482422
692,9557,3050,680.6277465820312,465.611572265625,680.5697021484375,465.23065185546875,680.5634765625,465.53955078125,0.30896165501413825,129.91920471191406
693,10116,5751,551.208251953125,494.9223937988281,550.946533203125,494.8458251953125,551.1497192382812,494.8487854003906,0.20320759753666057,131.3430633544922
694,10763,5065,584.1229248046875,478.2953186035156,584.8883666992188,478.81195068359375,584.0623779296875,478.22027587890625,1.016039626143459,131.35829162597656
695,11029,8312,638.5223388671875,477.66619873046875,638.3831176757812,477.94134521484375,638.461181640625,477.5938720703125,0.35613420051654854,132.33291625976562
696,9710,3123,677.1668701171875,455.2903747558594,677.263671875,454.80755615234375,677.10107421875,455.2165832519531,0.44016038671471874,132.77801513671875
697,9480,3014,682.5476684570312,397.2494201660156,682.2576904296875,396.45257568359375,682.4724731445312,397.1676330566406,0.7466181496215782,134.0895233154297
698,10845,4956,589.1456909179688,472.9277648925781,589.7879028320312,472.599853515625,589.0843505859375,472.85205078125,0.7473882684202953,134.53623962402344
699,10019,3328,668.8723754882812,503.5608825683594,668.9356689453125,502.8307189941406,668.814453125,503.4944152832031,0.6746747655051031,134.60311889648438
700,11006,4774,596.7067260742188,469.6123046875,597.1544799804688,469.80328369140625,596.6448974609375,469.5364074707031,0.5752367003144009,137.0875701904297
701,10299,12342,561.2094116210938,491.6418762207031,559.5838012695312,492.45556640625,561.1505737304688,491.5681457519531,1.8006363769581142,137.57179260253906
702,10188,5693,555.2924194335938,498.08184814453125,554.7906494140625,497.85723876953125,555.234375,498.009033203125,0.4689711565604276,137.65536499023438
703,11427,4225,623.7199096679688,489.5212097167969,623.634765625,489.88543701171875,623.6607666015625,489.4501647949219,0.43604810915479203,138.51353454589844
704,11349,4155,626.8435668945312,460.4361267089844,627.076904296875,460.4427185058594,626.780029296875,460.3603210449219,0.30809756116195863,139.65313720703125
705,9374,6599,511.34686279296875,454.45928955078125,511.82135009765625,455.43817138671875,511.2818603515625,454.3759460449219,1.1913739391541964,144.72732543945312
706,11118,10941,601.8085327148438,464.78167724609375,600.59326171875,464.1196594238281,601.7459716796875,464.7052307128906,1.2929168529409967,145.66400146484375
707,11465,4329,619.940185546875,490.9803466796875,619.6656494140625,490.8496398925781,619.88134765625,490.90936279296875,0.22381366471653585,147.03741455078125
708,9358,2949,686.1908569335938,407.8212585449219,685.8646850585938,407.5458679199219,686.1171264648438,407.74114990234375,0.319157823416715,150.62867736816406
709,8936,6999,488.2039489746094,435.79876708984375,488.09393310546875,435.77044677734375,488.1357421875,435.7105712890625,0.07302789492525372,152.61717224121094
710,8720,3424,726.2509765625,478.57952880859375,725.9949340820312,478.31439208984375,726.1865844726562,478.5119323730469,0.2752308771099019,53.45091247558594
711,10328,3578,731.9473266601562,472.8002014160156,730.1599731445312,471.6654052734375,731.8816528320312,472.7320251464844,2.025304643733537,64.49031066894531
712,9167,2799,691.7103881835938,392.696044921875,691.4826049804688,392.01397705078125,691.6339721679688,392.6142883300781,0.6191006844631257,73.03424072265625
713,10761,8584,745.2286376953125,403.4769287109375,745.1156005859375,403.2612609863281,745.1504516601562,403.40020751953125,0.14325060720069546,73.49149322509766
714,10965,8376,743.08154296875,470.32379150390625,742.7932739257812,470.0525207519531,743.0147094726562,470.255859375,0.30063316025087694,76.67463684082031
715,8444,3159,718.645263671875,460.28790283203125,718.4303588867188,459.73980712890625,718.5782470703125,460.2171936035156,0.49976870749040114,77.13624572753906
716,8489,3131,717.3357543945312,479.5582580566406,718.0308227539062,479.929443359375,717.27197265625,479.4903259277344,0.8767426016132438,82.25569915771484
717,9395,3532,728.8983764648438,457.40521240234375,728.658447265625,457.20550537109375,728.830322265625,457.33465576171875,0.2149903230929013,90.50414276123047
718,7431,4993,779.1007690429688,454.0274353027344,778.6993408203125,453.0925598144531,779.0285034179688,453.9592590332031,0.927100615617135,100.08995819091797
719,11209,3853,739.798828125,456.22650146484375,739.7719116210938,456.401611328125,739.7298583984375,456.1564025878906,0.2487886649811549,102.71319580078125
720,9138,13678,692.509765625,440.7413635253906,691.6411743164062,440.1923828125,692.4409790039062,440.6662902832031,0.9296643635932303,107.55928802490234
721,9200,2821,690.6895141601562,397.6344909667969,690.6967163085938,396.99462890625,690.6139526367188,397.5533142089844,0.5647823411489004,112.93803405761719
722,10613,12931,732.8724975585938,422.66937255859375,732.9083862304688,424.67095947265625,732.7984008789062,422.59429931640625,2.0795706725462835,112.95574188232422
723,10351,3624,732.0059814453125,386.0510559082031,731.9884033203125,387.12750244140625,731.9259033203125,385.9713134765625,1.1578770109240715,114.02192687988281
724,7855,6737,839.9892578125,509.0643615722656,840.0529174804688,509.0196838378906,839.9212036132812,509.0066223144531,0.1323599116197754,115.16510009765625
725,6973,5175,783.391845703125,475.1982116699219,783.3455200195312,475.8882141113281,783.3228759765625,475.13311767578125,0.7554358871920016,120.38272094726562
726,7857,6736,839.9892578125,509.0643615722656,840.0529174804688,509.0196838378906,839.9212036132812,509.0066223144531,0.1323599116197754,122.62136840820312
727,9922,4253,753.1663818359375,424.860107421875,752.2908935546875,422.5185852050781,753.0911865234375,424.7865905761719,2.4050607474949124,123.43824005126953
728,8971,2619,699.7854614257812,498.7242126464844,700.032958984375,499.43865966796875,699.7256469726562,498.6584167480469,0.838581949862289,124.0282211303711
729,9122,2745,692.8941040039062,462.62249755859375,693.8087768554688,463.68963623046875,692.8287963867188,462.5506896972656,1.5025181944412143,128.91082763671875
730,8994,2647,698.7537231445312,456.5208435058594,698.3792114257812,456.2437438964844,698.6871948242188,456.4484558105469,0.3698117649186465,129.64952087402344
731,8449,3113,718.2173461914062,391.8374328613281,717.8675537109375,391.636962890625,718.13916015625,391.7574157714844,0.29711775046707467,130.23056030273438
732,10348,3621,732.0059814453125,386.0510559082031,731.9884033203125,387.12750244140625,731.9259033203125,385.9713134765625,1.1578770109240715,131.04579162597656
733,9120,2743,692.8941040039062,462.62249755859375,693.8087768554688,463.68963623046875,692.8287963867188,462.5506896972656,1.5025181944412143,131.39254760742188
734,11167,3946,740.371337890625,506.56561279296875,742.3272705078125,507.5347595214844,740.3107299804688,506.5029602050781,2.265181124713036,131.57887268066406
735,9017,2651,698.1324462890625,495.3020324707031,698.1812133789062,495.70220947265625,698.0721435546875,495.235595703125,0.4791916489999294,134.66253662109375
736,6998,7257,872.9739990234375,392.76910400390625,873.9207763671875,391.11651611328125,872.8806762695312,392.70001220703125,1.894536379187808,137.71710205078125
737,8520,3027,716.2410278320312,399.9828796386719,715.810791015625,400.1877136230469,716.164306640625,399.90374755859375,0.4534424140727651,138.48104858398438
738,11477,12823,737.5962524414062,418.36248779296875,737.1203002929688,418.1907958984375,737.5211181640625,418.2871398925781,0.41223431564474927,138.92083740234375
739,11312,3794,738.7940673828125,461.6891174316406,738.4276733398438,461.6812438964844,738.72607421875,461.6197204589844,0.30467723560160986,139.9142608642578
740,8601,2983,714.21533203125,474.461181640625,714.3054809570312,474.6413879394531,714.15087890625,474.392333984375,0.29313762407071686,141.03546142578125
741,7432,4992,779.1007690429688,454.0274353027344,778.6993408203125,453.0925598144531,779.0285034179688,453.9592590332031,0.927100615617135,141.9859161376953
742,8399,3231,720.736572265625,453.0569152832031,720.6846923828125,453.06439208984375,720.6682739257812,452.9852600097656,0.08081739805745908,142.0774383544922
743,11496,3757,737.3350830078125,404.8269348144531,737.5272827148438,405.19580078125,737.2576904296875,404.7498474121094,0.5211088251638456,142.5587615966797
744,11213,3852,739.798828125,456.22650146484375,739.7719116210938,456.401611328125,739.7298583984375,456.1564025878906,0.2487886649811549,142.5762939453125
745,421,3574,1116.1951904296875,460.7438049316406,1116.16748046875,460.6484680175781,1116.07275390625,460.69525146484375,0.10564947979579417,68.32276153564453
746,415,3572,1116.1951904296875,460.7438049316406,1116.16748046875,460.6484680175781,1116.07275390625,460.69525146484375,0.10564947979579417,74.91996002197266
747,1802,5151,1056.9329833984375,400.5284423828125,1056.1541748046875,399.5799865722656,1056.81005859375,400.4726257324219,1.107695000891237,82.86736297607422
748,568,3775,1108.17333984375,422.3047180175781,1107.7728271484375,422.383544921875,1108.044189453125,422.25347900390625,0.3009229858657613,83.41462707519531
749,557,3752,1108.470947265625,484.18377685546875,1108.7874755859375,484.13153076171875,1108.35546875,484.1363830566406,0.4320340855334668,92.7469711303711
750,229,3282,1125.0411376953125,394.19891357421875,1124.441650390625,393.9253845214844,1124.9017333984375,394.1474609375,0.5108760207997063,97.37042999267578
751,1892,5201,1054.4151611328125,417.0328369140625,1053.9327392578125,418.34979248046875,1054.29638671875,416.97784423828125,1.4193242952502652,103.28116607666016
752,721,3890,1102.3798828125,442.7540283203125,1101.806640625,442.4506530761719,1102.2564697265625,442.7035827636719,0.5160616701823277,103.36827087402344
753,11543,2736,1144.9539794921875,443.3731994628906,1144.3450927734375,443.9818420410156,1144.821044921875,443.3253173828125,0.8108976966492148,104.05767822265625
754,1117,9864,1083.736083984375,421.17425537109375,1083.414794921875,420.5910339355469,1083.612060546875,421.12139892578125,0.5658628364479764,106.60675048828125
755,347,3483,1119.0216064453125,446.6643981933594,1118.4151611328125,446.612548828125,1118.8953857421875,446.61517333984375,0.4802317810298827,107.1634292602539
756,90,3051,1133.11767578125,387.129638671875,1133.145751953125,387.2046813964844,1132.974853515625,387.0784912109375,0.21243878852106116,107.52674102783203
757,780,4029,1097.195556640625,421.75115966796875,1097.341064453125,422.4447021484375,1097.0687255859375,421.6991882324219,0.7936998535680369,109.55364227294922
758,949,4244,1089.1019287109375,467.9347839355469,1088.666259765625,467.6255798339844,1088.9869384765625,467.8852233886719,0.4126131494987738,110.0999526977539
759,2664,5996,1030.1309814453125,472.53070068359375,1030.0628662109375,471.9936828613281,1030.0286865234375,472.47833251953125,0.4858534164066396,112.27644348144531
760,991,4294,1088.267333984375,461.30841064453125,1087.7308349609375,461.0536193847656,1088.151123046875,461.2583312988281,0.46749229185104196,113.45043182373047
761,867,4163,1091.8299560546875,424.406005859375,1091.494873046875,424.21978759765625,1091.704833984375,424.3538513183594,0.2491117750822799,115.04347229003906
762,11539,2783,1144.07861328125,462.9203796386719,1143.0601806640625,462.9583740234375,1143.9503173828125,462.8735046386719,0.8941734678112029,117.17081451416016
763,3095,11342,1012.8828735351562,489.8814392089844,1012.7891235351562,490.6922302246094,1012.7872924804688,489.8297119140625,0.8625202541331445,117.59251403808594
764,2841,6264,1023.9424438476562,499.7985534667969,1023.9949340820312,500.1976623535156,1023.8469848632812,499.748291015625,0.47309995840873376,117.91098022460938
765,2296,5609,1041.9560546875,471.7933044433594,1042.08251953125,471.6629638671875,1041.851318359375,471.74151611328125,0.244181156608667,119.01260375976562
766,2499,12115,1036.0616455078125,497.4514465332031,1036.2197265625,499.1402282714844,1035.9635009765625,497.40155029296875,1.7574563049658434,124.08464813232422
767,3247,6718,1007.7674560546875,476.05517578125,1008.1480102539062,475.77581787109375,1007.6698608398438,476.001953125,0.528927230559702,128.23416137695312
768,1554,4777,1067.129638671875,485.6741943359375,1067.0830078125,484.80450439453125,1067.0230712890625,485.62481689453125,0.8224992306975272,130.28814697265625
769,427,3577,1115.8232421875,398.9836120605469,1115.9305419921875,399.9619445800781,1115.6871337890625,398.9317321777344,1.058576944435983,133.23287963867188
770,5486,688,927.6338500976562,458.3062744140625,927.677734375,458.2923889160156,927.5455322265625,458.24700927734375,0.13977381606538727,133.70863342285156
771,909,9305,1089.97900390625,419.3818359375,1089.1727294921875,418.98388671875,1089.8531494140625,419.3292541503906,0.7630530341479699,147.98648071289062
772,1084,4369,1084.9822998046875,450.2333984375,1084.6475830078125,450.0841369628906,1084.8642578125,450.1824035644531,0.23791657354839615,148.33071899414062
773,301,13167,1121.1204833984375,392.6439208984375,1121.047607421875,392.3278503417969,1120.981689453125,392.5921325683594,0.27237891599930886,148.7850799560547
774,11502,2859,1140.11572265625,384.75732421875,1139.909423828125,384.13299560546875,1139.9705810546875,384.7065734863281,0.5768290836737936,149.72975158691406
775,285,3344,1122.3072509765625,385.1301574707031,1122.474609375,385.4855041503906,1122.16650390625,385.0781555175781,0.5107464033430584,150.16323852539062
776,2076,5388,1049.3299560546875,442.3662414550781,1049.3226318359375,442.18353271484375,1049.217529296875,442.3126220703125,0.16646502759655446,153.46009826660156
777,3725,7260,987.0748901367188,495.1839599609375,986.3148193359375,496.2388916015625,986.9847412109375,495.1315002441406,1.2942607685842056,155.74337768554688
778,3167,6604,1010.3880615234375,486.8172912597656,1010.3563232421875,487.1882629394531,1010.292236328125,486.7651672363281,0.427921846318802,159.5963592529297
779,2561,5891,1033.708251953125,482.4145812988281,1033.49658203125,482.2987365722656,1033.6072998046875,482.3632507324219,0.12814250745019723,163.28196716308594
780,11912,1306,1194.4383544921875,413.4395446777344,1196.054443359375,413.5551452636719,1194.2861328125,413.39349365234375,1.7756839340474815,90.39911651611328
781,13209,1412,1344.2666015625,425.69940185546875,1344.6025390625,425.4779052734375,1344.073486328125,425.6631774902344,0.5605556083623574,91.28527069091797
782,11761,14294,1174.58203125,486.76495361328125,1174.3692626953125,486.3426818847656,1174.451904296875,486.7210693359375,0.38730698097654154,97.1956787109375
783,12202,157,1238.1881103515625,410.8768615722656,1238.1529541015625,411.0316162109375,1238.0233154296875,410.8336181640625,0.23666307657053015,109.5627670288086
784,12973,1679,1324.284423828125,413.3348083496094,1326.5087890625,413.9522705078125,1324.094482421875,413.2972412109375,2.501587482925698,113.37989044189453
785,12678,2103,1292.0709228515625,406.7336120605469,1291.3294677734375,406.89385986328125,1291.889404296875,406.6938781738281,0.5945768128642422,115.50325012207031
786,12984,1698,1325.1090087890625,445.18927001953125,1325.2796630859375,445.15594482421875,1324.927001953125,445.1520690917969,0.3526824292453506,116.10771179199219
787,12201,158,1238.1881103515625,410.8768615722656,1238.1529541015625,411.0316162109375,1238.0233154296875,410.8336181640625,0.23666307657053015,121.49485778808594
788,11628,2443,1157.04345703125,444.5769958496094,1156.5137939453125,444.51617431640625,1156.9078369140625,444.5298767089844,0.39428113926953,121.76616668701172
789,13145,1518,1337.3876953125,449.04168701171875,1336.503662109375,447.6526794433594,1337.2027587890625,449.0052490234375,1.5225572687103768,128.5496063232422
790,12932,14536,1320.96337890625,433.9145812988281,1321.9217529296875,434.1963806152344,1320.77978515625,433.8769836425781,1.185792908442186,134.8703155517578
791,13267,1301,1351.1939697265625,489.7076110839844,1351.3519287109375,489.5119323730469,1351.01513671875,489.6726379394531,0.37316903016673114,135.35877990722656
792,12174,8205,1233.8668212890625,394.2790832519531,1233.3345947265625,394.89349365234375,1233.69921875,394.2351989746094,0.752530770933093,136.78085327148438
793,11678,2318,1162.824462890625,451.9693298339844,1162.9681396484375,450.970947265625,1162.689208984375,451.92291259765625,0.9919880587707269,137.70620727539062
794,11872,14570,1186.8336181640625,448.83319091796875,1186.373779296875,448.93359375,1186.691650390625,448.78802490234375,0.3496173932312147,138.2280731201172
795,11920,14772,1195.457763671875,448.2497253417969,1195.0430908203125,448.9575500488281,1195.3134765625,448.20501708984375,0.7996338561717258,141.8590850830078
796,12781,14355,1302.2349853515625,401.9292297363281,1301.891845703125,401.5954895019531,1302.049072265625,401.89013671875,0.33397181665779985,142.80056762695312
797,12160,8223,1232.125,437.86669921875,1232.2589111328125,437.6112976074219,1231.9683837890625,437.82379150390625,0.35994415332040464,143.0384521484375
798,13238,1361,1347.7105712890625,444.265625,1347.6080322265625,444.4201354980469,1347.5211181640625,444.229736328125,0.20929858615669847,145.00344848632812
799,13338,1168,1360.658203125,428.39813232421875,1360.61279296875,428.7662048339844,1360.46044921875,428.3629455566406,0.43107616835991525,149.9533233642578
800,11794,14388,1178.4669189453125,462.68597412109375,1178.7589111328125,464.4477233886719,1178.3302001953125,462.6409912109375,1.8568990898788567,151.64761352539062
801,12427,2348,1264.0330810546875,424.3731994628906,1263.8720703125,424.32305908203125,1263.8642578125,424.3319091796875,0.011805057593047216,151.99012756347656
802,13210,1411,1344.2666015625,425.69940185546875,1344.6025390625,425.4779052734375,1344.073486328125,425.6631774902344,0.5605556083623574,152.76779174804688
803,12564,14166,1281.299560546875,508.3882751464844,1281.309814453125,508.8603820800781,1281.146484375,508.3505859375,0.5353212319793178,153.99349975585938
804,12983,1699,1325.1090087890625,445.18927001953125,1325.2796630859375,445.15594482421875,1324.927001953125,445.1520690917969,0.3526824292453506,156.09933471679688
805,13354,1160,1363.6060791015625,501.39202880859375,1363.172607421875,501.4637145996094,1363.42626953125,501.35791015625,0.2748436755087547,156.99044799804688
806,12855,1880,1310.2598876953125,411.27520751953125,1310.185302734375,410.0317077636719,1310.0738525390625,411.2367248535156,1.2101600443126086,160.59576416015625
807,13319,1194,1358.55078125,505.0173645019531,1358.8472900390625,505.96588134765625,1358.37353515625,504.98309326171875,1.091016091013043,161.87957763671875
808,12207,155,1238.5228271484375,404.38140869140625,1238.336669921875,404.1123962402344,1238.3564453125,404.3380432128906,0.22651185916702413,162.0956573486328
809,13070,14643,1331.245361328125,494.76080322265625,1331.2711181640625,495.1601867675781,1331.0740966796875,494.7249755859375,0.477730298317322,166.6823272705078
810,12375,13975,1257.3245849609375,422.0771789550781,1257.0662841796875,422.1134338378906,1257.1571044921875,422.0354309082031,0.11971961494438046,169.22470092773438
811,13318,1195,1358.55078125,505.0173645019531,1358.8472900390625,505.96588134765625,1358.37353515625,504.98309326171875,1.091016091013043,169.5110626220703
812,12291,2505,1248.2823486328125,404.5807189941406,1248.2952880859375,404.25531005859375,1248.1131591796875,404.53802490234375,0.33630138472567755,169.97647094726562
813,13091,1581,1332.665771484375,454.5126037597656,1332.435791015625,455.12335205078125,1332.4837646484375,454.4759826660156,0.6491445060824689,170.5549774169922
814,12936,1756,1321.168212890625,450.3291320800781,1321.355224609375,450.1213073730469,1320.9886474609375,450.2917785644531,0.40427618388427883,170.6663360595703
815,2914,3526,172.35951232910156,600.1388549804688,171.81478881835938,600.8938598632812,172.2725830078125,600.0769653320312,0.9364252212981029,96.86072540283203
816,582,806,43.06174850463867,637.3929443359375,42.70725631713867,636.6770629882812,42.94875717163086,637.340087890625,0.7056377851620447,100.11992645263672
817,2908,3548,171.95738220214844,568.1519775390625,172.9610137939453,567.1717529296875,171.86773681640625,568.08056640625,1.4216878999269023,100.7521743774414
818,1989,2508,124.4011001586914,534.707275390625,124.42889404296875,534.7352905273438,124.29952239990234,534.6243896484375,0.17039960965882622,117.5584945678711
819,2287,2841,140.44039916992188,534.000244140625,140.58909606933594,531.8352661132812,140.3419647216797,533.9177856445312,2.0971317319215106,122.06964874267578
820,1386,1790,92.03083038330078,598.2067260742188,91.93350219726562,597.6731567382812,91.92693328857422,598.14208984375,0.46897911250498336,128.39781188964844
821,2790,13193,166.47103881835938,574.259033203125,164.9124755859375,574.3284912109375,166.380859375,574.1892700195312,1.4749689800528418,128.51458740234375
822,1874,2355,117.33003234863281,514.7933349609375,117.35328674316406,515.527099609375,117.22553253173828,514.704345703125,0.8326134329847538,137.24795532226562
823,2509,3075,151.67950439453125,601.448974609375,151.9153594970703,600.7566528320312,151.58860778808594,601.386962890625,0.7099700340779647,137.4554443359375
824,1095,1430,74.59735870361328,589.6593627929688,74.61105346679688,589.5242919921875,74.48888397216797,589.591552734375,0.13946108008148975,142.2427520751953
825,1935,2432,120.86532592773438,573.267822265625,121.02950286865234,573.454833984375,120.76591491699219,573.1962890625,0.3692209161027402,146.04794311523438
826,631,906,46.70085906982422,631.9295043945312,46.914466857910156,631.9318237304688,46.588436126708984,631.8748779296875,0.3309665570932939,146.177978515625
827,2038,13856,126.55474853515625,541.8411254882812,126.21729278564453,541.9092407226562,126.45414733886719,541.7603759765625,0.27975130386087704,146.36598205566406
828,2615,3204,157.53173828125,560.7492065429688,157.22369384765625,561.0523071289062,157.43875122070312,560.6751708984375,0.434144457564531,156.83749389648438
829,1833,2300,115.11740112304688,575.7938842773438,114.92594146728516,576.02685546875,115.01696014404297,575.7229614257812,0.3172317589249784,161.2947540283203
830,1383,14511,91.85144805908203,552.7230834960938,91.39700317382812,551.9633178710938,91.74430847167969,552.644287109375,0.7644213977912369,167.7796173095703
831,79,8123,7.688621520996094,551.3653564453125,7.368465900421143,550.4916381835938,7.561468124389648,551.2830810546875,0.814635916628961,168.38943481445312
832,2789,13194,166.47103881835938,574.259033203125,164.9124755859375,574.3284912109375,166.380859375,574.1892700195312,1.4749689800528418,168.68313598632812
833,1396,1800,92.25198364257812,564.3863525390625,92.2933349609375,564.7074584960938,92.14575958251953,564.3111572265625,0.42288673252691095,169.65847778320312
834,1563,14343,101.38280487060547,594.8743286132812,101.33780670166016,595.2594604492188,101.28076934814453,594.8088989257812,0.45415740233798596,170.53445434570312
835,2593,3193,156.66741943359375,588.9961547851562,156.48519897460938,588.4189453125,156.57652282714844,588.9304809570312,0.519623673121787,171.7789306640625
836,2485,3041,150.6761932373047,578.0896606445312,149.99566650390625,576.9169311523438,150.58323669433594,578.0205078125,1.250248044798792,172.51666259765625
837,2878,3487,170.31849670410156,541.3375854492188,169.61990356445312,540.8033447265625,170.22634887695312,541.2584228515625,0.7582031501561691,172.63255310058594
838,2877,3486,170.31849670410156,541.3375854492188,169.61990356445312,540.8033447265625,170.22634887695312,541.2584228515625,0.7582031501561691,174.89710998535156
839,2358,2915,144.15496826171875,518.8026733398438,144.37918090820312,519.7360229492188,144.0560760498047,518.7160034179688,1.0699703704552497,179.5633544921875
840,1873,2354,117.33003234863281,514.7933349609375,117.35328674316406,515.527099609375,117.22553253173828,514.704345703125,0.8326134329847538,179.7526092529297
841,1508,1960,98.353271484375,580.2090454101562,99.29206085205078,579.1618041992188,98.24951171875,580.138916015625,1.4288653530360835,180.08331298828125
842,3427,9263,203.5599365234375,606.02490234375,203.65628051757812,605.8377685546875,203.4793243408203,605.965576171875,0.2182848494602608,183.22117614746094
843,1307,14604,86.85360717773438,569.2582397460938,86.1998291015625,568.5360107421875,86.74652099609375,569.1843872070312,0.8480943742941854,185.08917236328125
844,1597,2047,102.87584686279297,582.502685546875,103.18717193603516,582.6917724609375,102.77324676513672,582.4334106445312,0.48793941763300647,185.483154296875
845,1548,1979,100.17996215820312,605.742919921875,100.25162506103516,605.632080078125,100.07843780517578,605.680908203125,0.17993891014207083,185.94085693359375
846,376,533,30.110166549682617,619.2628784179688,29.87043571472168,619.8046264648438,29.992761611938477,619.20361328125,0.6133355296926708,186.03225708007812
847,713,8620,51.19550323486328,633.1956787109375,51.056861877441406,633.1820678710938,51.08427810668945,633.1415405273438,0.048929696684244066,186.56365966796875
848,1280,1635,85.17121124267578,594.2838745117188,84.92449188232422,594.1865844726562,85.06548309326172,594.2178344726562,0.14441289437450736,186.61724853515625
849,1449,1851,95.07246398925781,573.3406372070312,94.629150390625,573.52978515625,94.96749114990234,573.268310546875,0.4276019653090691,186.732421875
850,6232,7462,348.71429443359375,616.3644409179688,349.04534912109375,615.3558349609375,348.6566162109375,616.3115844726562,1.0317802113770045,66.36264038085938
851,5163,6178,295.4172668457031,526.4417114257812,295.256591796875,525.8363037109375,295.34344482421875,526.3635864257812,0.5343879767844423,90.53728485107422
852,6567,7813,364.8902893066406,637.191650390625,364.5252380371094,637.3236083984375,364.8368225097656,637.144775390625,0.3592577463099983,94.67840576171875
853,6582,7849,365.57855224609375,571.4588012695312,365.8465270996094,572.212646484375,365.5178527832031,571.3946533203125,0.8815552295336326,96.85556030273438
854,4801,5765,276.7151794433594,516.5687866210938,276.53546142578125,516.3045654296875,276.6379089355469,516.4873046875,0.20949732361784762,101.43470764160156
855,6569,9708,365.07958984375,617.0100708007812,365.1198425292969,616.7823486328125,365.0238952636719,616.957763671875,0.19994077550668024,104.57054901123047
856,6936,9166,382.1875305175781,632.34521484375,383.47723388671875,631.4318237304688,382.135498046875,632.29736328125,1.5966883784532977,111.24747467041016
857,6299,7535,352.6194152832031,576.3218994140625,352.79913330078125,576.09814453125,352.5578308105469,576.2586059570312,0.28978399016692113,112.56109619140625
858,6053,10367,339.68731689453125,602.3278198242188,339.0622863769531,603.6707153320312,339.62701416015625,602.2709350585938,1.5094046120991806,113.23426818847656
859,4253,5168,250.84722900390625,523.881591796875,250.62062072753906,524.4083251953125,250.76695251464844,523.8009033203125,0.6247994287346452,114.06138610839844
860,5238,6256,299.5801086425781,560.8898315429688,299.32147216796875,559.9396362304688,299.5103454589844,560.8207397460938,0.9011195954510187,118.82339477539062
861,5405,6472,308.96966552734375,552.1224365234375,308.7475280761719,551.928955078125,308.9002380371094,552.0513916015625,0.19573204755735393,126.9369888305664
862,5720,6816,323.1457824707031,585.6926879882812,322.8733825683594,586.2367553710938,323.0816345214844,585.6309204101562,0.640628500672987,127.94139099121094
863,6050,7239,339.6474304199219,591.7832641601562,339.35919189453125,592.6140747070312,339.58599853515625,591.7235717773438,0.9189323805447376,130.8357696533203
864,5754,6870,325.0648498535156,553.8126220703125,325.2005615234375,553.8231811523438,324.9975891113281,553.7426147460938,0.21837753065170876,131.9621124267578
865,7119,8893,391.1864013671875,629.0361328125,392.5517272949219,628.159912109375,391.13494873046875,628.987548828125,1.6408059114097329,135.44740295410156
866,5160,6168,295.1664123535156,527.10986328125,294.9482727050781,526.8047485351562,295.0926513671875,527.0318603515625,0.2691188867839626,140.81903076171875
867,5823,6949,328.6610107421875,585.728759765625,328.1145935058594,585.7191162109375,328.5975646972656,585.6671752929688,0.485756143232187,140.9148712158203
868,6454,7693,359.8860778808594,573.6621704101562,360.00201416015625,573.7957153320312,359.82501220703125,573.598388671875,0.26508018073497097,142.3446502685547
869,4342,5272,254.42027282714844,602.3939819335938,254.35934448242188,602.1190795898438,254.34796142578125,602.3348999023438,0.21612029350822504,143.18869018554688
870,7610,489,416.1646423339844,609.9491577148438,415.8698425292969,609.018310546875,416.1134338378906,609.8961791992188,0.9110379225862375,145.086181640625
871,5627,11114,318.86358642578125,582.6212158203125,318.9127502441406,582.8150024414062,318.798583984375,582.5585327148438,0.2807323556555526,149.4590301513672
872,7118,8894,391.1864013671875,629.0361328125,392.5517272949219,628.159912109375,391.13494873046875,628.987548828125,1.6408059114097329,149.7464599609375
873,4384,5317,256.89178466796875,528.913818359375,256.78619384765625,529.533935546875,256.8128967285156,528.834716796875,0.6997284503275198,150.65524291992188
874,4151,5068,245.08193969726562,600.7040405273438,245.61172485351562,600.4154052734375,245.00796508789062,600.6442260742188,0.6456661780345377,152.0361785888672
875,4520,5474,262.9934387207031,610.0963745117188,263.02581787109375,610.7297973632812,262.9232177734375,610.0397338867188,0.6976491824151992,157.8860321044922
876,3924,4825,232.36346435546875,539.03955078125,233.53240966796875,540.4722900390625,232.28176879882812,538.962158203125,1.9607653468675905,159.19798278808594
877,5332,11476,305.41766357421875,572.14404296875,305.0745544433594,572.6192016601562,305.3498229980469,572.078125,0.6070722604151727,160.37144470214844
878,6890,9291,380.21075439453125,567.6878051757812,380.3403625488281,567.9917602539062,380.1511535644531,567.6231689453125,0.4143182261729166,162.76670837402344
879,4928,5890,282.4048156738281,541.9052734375,281.84527587890625,541.728271484375,282.330810546875,541.83056640625,0.4961936767442091,163.8078155517578
880,5755,6871,325.0648498535156,553.8126220703125,325.2005615234375,553.8231811523438,324.9975891113281,553.7426147460938,0.21837753065170876,166.89218139648438
881,4228,5128,249.39756774902344,545.75732421875,248.90386962890625,545.173095703125,249.3191375732422,545.682373046875,0.657123183619366,167.39474487304688
882,5423,6495,309.9678955078125,580.0453491210938,309.8434143066406,580.7196655273438,309.9014587402344,579.981689453125,0.7402552548888371,167.42759704589844
883,4127,5045,244.04623413085938,533.7534790039062,244.42149353027344,532.6783447265625,243.9658660888672,533.6751098632812,1.0959640063160625,167.7140350341797
884,6707,7982,371.34844970703125,552.0040283203125,370.67742919921875,551.2318115234375,371.28619384765625,551.9352416992188,0.9302732982230938,172.3629913330078
885,9735,3151,676.6207885742188,517.4655151367188,676.3990478515625,517.49755859375,676.5648193359375,517.4017944335938,0.19144440290152848,98.6610336303711
886,8898,7030,485.9570007324219,565.4480590820312,485.907958984375,565.3719482421875,485.90545654296875,565.386474609375,0.014740337738932277,119.67037963867188
887,10833,12755,643.8367309570312,626.5623779296875,643.6293334960938,626.4236450195312,643.7982177734375,626.5184326171875,0.19366617619853962,125.11994171142578
888,14670,10922,600.8612060546875,571.5963745117188,600.9503784179688,571.798828125,600.8142700195312,571.5399169921875,0.292507214987038,126.21806335449219
889,10923,4872,592.881103515625,562.5753173828125,593.1220703125,562.82373046875,592.832763671875,562.5167236328125,0.42184301537666585,145.32720947265625
890,8987,6952,490.97381591796875,568.8661499023438,490.9257507324219,568.790283203125,490.9230041503906,568.8054809570312,0.015443944983368806,146.31472778320312
891,10339,3512,657.9743041992188,585.8112182617188,658.610107421875,586.8746948242188,657.929443359375,585.7593383789062,1.306645922229561,151.2018585205078
892,9399,2932,685.497314453125,582.7438354492188,686.2875366210938,583.4801025390625,685.451416015625,582.6921997070312,1.1488640213760257,151.41334533691406
893,11112,3976,636.13720703125,632.775146484375,636.33544921875,632.4830932617188,636.099609375,632.7323608398438,0.34315413068230344,153.66522216796875
894,11380,10219,614.978759765625,576.9414672851562,611.8067626953125,576.9140625,614.9327392578125,576.8865356445312,3.126097758719537,153.73678588867188
895,11280,4086,629.3375244140625,632.4772338867188,629.7044677734375,632.2571411132812,629.2998657226562,632.4342651367188,0.44167379271933405,155.1354217529297
896,11075,3950,637.549560546875,532.5226440429688,637.837890625,533.9324340820312,637.4967651367188,532.4599609375,1.511470727510417,160.92234802246094
897,8697,7184,474.8651428222656,573.9847412109375,475.40032958984375,574.07568359375,474.81402587890625,573.9247436523438,0.6054212643860519,164.05181884765625
898,10547,5294,573.8648071289062,587.906494140625,573.7924194335938,588.0335083007812,573.81982421875,587.8526000976562,0.18297212959184925,169.5435028076172
899,9505,6426,518.3238525390625,516.9344482421875,518.6681518554688,516.9240112304688,518.2673950195312,516.8636474609375,0.4052774681901995,170.39073181152344
900,11025,3916,638.6386108398438,517.8587646484375,638.8665771484375,517.9610595703125,638.5835571289062,517.79345703125,0.3289239160591184,172.04359436035156
901,14988,12060,545.0045166015625,584.9286499023438,545.6387329101562,585.648681640625,544.958251953125,584.8732299804688,1.0316877483624831,172.56883239746094
902,9550,6369,520.3052368164062,523.3963012695312,520.6276245117188,523.2781982421875,520.249755859375,523.3269653320312,0.3810025557340924,172.83807373046875
903,9572,13436,680.1907348632812,615.8128662109375,679.3833618164062,617.9056396484375,680.1502075195312,615.7675170898438,2.271479783746437,173.36378479003906
904,9803,3184,674.2511596679688,563.6458129882812,674.330810546875,564.0043334960938,674.2025146484375,563.5902099609375,0.4335413935556732,177.36402893066406
905,11050,4734,598.46826171875,562.0314331054688,598.7591552734375,561.4351806640625,598.419921875,561.9729614257812,0.6358360215419181,180.363525390625
906,9621,6293,524.8739013671875,522.1607055664062,524.861328125,521.7027587890625,524.818359375,522.09130859375,0.39091848792204353,182.67457580566406
907,10694,3699,648.4320678710938,538.7344970703125,648.39208984375,539.267578125,648.3800659179688,538.67333984375,0.5943599159550946,185.89512634277344
908,9713,3126,677.12255859375,611.0464477539062,676.9307250976562,611.5765380859375,677.0813598632812,611.0000610351562,0.5958327136809011,186.732421875
909,10882,3878,641.625244140625,611.3076171875,641.252197265625,611.8939208984375,641.5844116210938,611.2604370117188,0.7153098718120777,186.91441345214844
910,11132,3982,635.1985473632812,520.198486328125,635.8997802734375,520.930908203125,635.1439208984375,520.1334228515625,1.0987748999372686,189.48086547851562
911,7649,4951,776.3629760742188,533.0653076171875,776.3352661132812,533.1270141601562,776.3045654296875,533.00830078125,0.12261891495386196,67.1043930053711
912,6613,7517,887.816162109375,551.5513916015625,888.2538452148438,551.6019897460938,887.7508544921875,551.5014038085938,0.512949508139944,75.44534301757812
913,7197,7090,864.7990112304688,544.4847412109375,864.6852416992188,544.2744750976562,864.7349243164062,544.4329223632812,0.16605390219636207,76.17742156982422
914,7052,7211,870.7085571289062,546.53955078125,871.5675659179688,547.1470336914062,870.6442260742188,546.4882202148438,1.1342802404858519,78.6638412475586
915,2309,5830,809.215576171875,533.0574951171875,808.7576904296875,533.1340942382812,809.1546630859375,533.0018310546875,0.41842662384764034,79.76214599609375
916,6918,5202,783.8842163085938,531.2102661132812,784.49853515625,531.575439453125,783.824951171875,531.1533203125,0.7949213501274757,81.81076049804688
917,6428,5258,786.927978515625,525.3522338867188,786.5990600585938,525.3048095703125,786.8674926757812,525.2944946289062,0.26863072792654474,82.89149475097656
918,6917,5203,783.8842163085938,531.2102661132812,784.49853515625,531.575439453125,783.824951171875,531.1533203125,0.7949213501274757,84.92349243164062
919,6552,7566,890.8062133789062,540.7329711914062,890.8563842773438,540.979248046875,890.738525390625,540.681640625,0.32009513388001914,86.44651794433594
920,4356,5509,797.3660888671875,513.0440063476562,797.0362548828125,513.0532836914062,797.3026123046875,512.9849243164062,0.2749896004184292,89.52653503417969
921,9036,10294,760.8946533203125,512.4771728515625,760.9619140625,512.2901611328125,760.8338012695312,512.4163818359375,0.17984591632734723,90.22749328613281
922,7495,4976,778.2916259765625,542.3636474609375,778.3450317382812,542.0748291015625,778.2346801757812,542.3081665039062,0.25811588614171055,92.36341094970703
923,8648,2916,712.9429931640625,545.1920776367188,712.4681396484375,544.6074829101562,712.8901977539062,545.1345825195312,0.6752533173521978,94.90521240234375
924,7850,6723,840.34228515625,526.008056640625,839.7610473632812,525.6282348632812,840.2772827148438,525.95263671875,0.6097011579736631,97.26253509521484
925,6553,7564,890.8062133789062,540.7329711914062,890.8563842773438,540.979248046875,890.738525390625,540.681640625,0.32009513388001914,97.6524429321289
926,6100,5319,789.6514282226562,516.196533203125,789.768798828125,516.5154418945312,789.589111328125,516.1375732421875,0.41841643858760114,101.13851928710938
927,6531,7605,892.162841796875,518.7405395507812,892.4104614257812,518.8099365234375,892.0908203125,518.6864013671875,0.34268261719758825,101.28178405761719
928,9282,4419,758.3822021484375,520.5506591796875,758.3128051757812,520.6900634765625,758.3228759765625,520.490966796875,0.19935121993848595,102.49390411376953
929,7686,4888,775.7083129882812,545.8406372070312,775.1651000976562,545.1202392578125,775.6521606445312,545.78564453125,0.8246163679194152,103.87492370605469
930,6592,7519,889.4892578125,633.3944702148438,889.018798828125,633.115478515625,889.4392700195312,633.3567504882812,0.48477643052445274,108.22661590576172
931,7963,6667,834.6004638671875,524.6929321289062,836.01904296875,525.871337890625,834.5357666015625,524.6370849609375,1.9296344410014878,111.15754699707031
932,8139,4730,770.355224609375,556.9328002929688,769.8968505859375,556.713134765625,770.3013305664062,556.87939453125,0.43731723527169647,112.35212707519531
933,9042,2681,696.5540771484375,538.9326782226562,696.7406005859375,538.5951538085938,696.5008544921875,538.8734741210938,0.36734232783397214,114.98260498046875
934,7338,7016,857.1195678710938,570.6630859375,857.5209350585938,570.8990478515625,857.0610961914062,570.61474609375,0.5406285908750671,117.40528106689453
935,10957,3940,743.0859375,539.316650390625,742.0542602539062,538.7758178710938,743.0307006835938,539.2593383789062,1.0895999239186682,120.74767303466797
936,6325,7819,898.4347534179688,537.8472290039062,898.2622680664062,537.7784423828125,898.3656005859375,537.7957763671875,0.10477631701386009,121.42899322509766
937,7462,6913,852.54052734375,568.0306396484375,852.407470703125,568.0157470703125,852.4820556640625,567.9818115234375,0.08194228297865347,121.89339447021484
938,8049,6622,832.2307739257812,603.4724731445312,832.0513916015625,603.1080932617188,832.1805419921875,603.4285888671875,0.3455390810362422,123.65274047851562
939,1499,6021,814.09423828125,576.9537353515625,814.3568725585938,577.09130859375,814.0407104492188,576.905029296875,0.3669583843553569,124.06047058105469
940,2142,5860,810.41357421875,587.2495727539062,810.009033203125,586.97216796875,810.3621826171875,587.202392578125,0.4215659846507524,128.95347595214844
941,3299,5677,802.6674194335938,518.9786987304688,802.7295532226562,518.847900390625,802.6045532226562,518.9207153320312,0.14466172849788442,129.43338012695312
942,6002,134,910.0181884765625,586.2987670898438,910.266357421875,585.5980834960938,909.9569702148438,586.25439453125,0.7255788163545474,133.3454132080078
943,8873,13160,727.0364990234375,520.4878540039062,725.6798706054688,519.7051391601562,726.9789428710938,520.4268188476562,1.4860721122025566,134.05223083496094
944,7704,6792,845.7474365234375,531.07763671875,844.3806762695312,530.3851928710938,845.6828002929688,531.023193359375,1.4500246878795466,135.9595489501953
945,7746,6790,844.7945556640625,522.9749755859375,844.2195434570312,522.7347412109375,844.7285766601562,522.9193725585938,0.5414827203346941,136.10658264160156
946,1108,9818,1084.6876220703125,591.4273071289062,1084.427001953125,592.2879638671875,1084.6005859375,591.3886108398438,0.9159515639071032,92.71461486816406
947,1387,10439,1076.4237060546875,563.088134765625,1076.928466796875,565.5296630859375,1076.33203125,563.0462036132812,2.554076411132239,99.6142578125
948,1922,5210,1053.8486328125,634.968505859375,1053.831298828125,634.7333374023438,1053.7764892578125,634.9342041015625,0.20821027797127756,104.05767822265625
949,1758,5070,1058.900390625,637.8738403320312,1058.9921875,638.06689453125,1058.8280029296875,637.8400268554688,0.28004555958466226,105.86312103271484
950,1673,4948,1061.358154296875,634.0596313476562,1061.556640625,634.6134643554688,1061.2845458984375,634.0253295898438,0.6480262670292736,111.1080551147461
951,11518,13626,1141.57470703125,574.0369873046875,1139.7667236328125,572.5428466796875,1141.47216796875,573.9982299804688,2.242026078165512,111.3283462524414
952,3426,6902,1001.1495971679688,519.1039428710938,1001.21435546875,519.3311157226562,1001.0620727539062,519.0545654296875,0.3157057012175807,114.15340423583984
953,674,12750,1103.8878173828125,539.8983154296875,1104.0740966796875,540.5443725585938,1103.78564453125,539.8551635742188,0.747136979463223,117.46063232421875
954,2736,6070,1028.247802734375,558.6746215820312,1028.85986328125,559.1190185546875,1028.1639404296875,558.6305541992188,0.8502388146223288,121.70867156982422
955,1742,5057,1059.517578125,551.6481323242188,1059.3665771484375,551.6625366210938,1059.4266357421875,551.6044311523438,0.08356602289139269,124.00403594970703
956,1116,9822,1084.257080078125,543.9976196289062,1084.425537109375,543.394775390625,1084.1597900390625,543.9541015625,0.6192473430899957,127.78497314453125
957,1795,5118,1057.494140625,632.1353149414062,1057.28759765625,631.7130737304688,1057.4207763671875,632.1007080078125,0.409874251470845,133.6936798095703
958,1586,11281,1065.856201171875,601.2347412109375,1066.052490234375,601.1487426757812,1065.7747802734375,601.1965942382812,0.28180240317924754,139.4632568359375
959,5230,8747,935.720947265625,621.4974975585938,935.1671142578125,621.8761596679688,935.6634521484375,621.4589233398438,0.6484114860004464,139.5492706298828
960,1474,4690,1070.5166015625,616.8851318359375,1070.591796875,617.3374633789062,1070.437744140625,616.8489379882812,0.5122394969677008,140.45640563964844
961,388,13087,1118.133056640625,545.6817016601562,1118.0821533203125,545.891357421875,1118.0291748046875,545.6396484375,0.25722390233592674,142.80056762695312
962,758,3914,1100.1396484375,616.8890380859375,1101.3145751953125,617.6629028320312,1100.05517578125,616.853515625,1.4970619676709498,144.145751953125
963,3459,6929,1000.3978271484375,567.5963134765625,1000.4174194335938,567.5827026367188,1000.3203735351562,567.5523071289062,0.10169460801203431,145.66400146484375
964,4886,9045,948.3702392578125,591.9814453125,948.6470947265625,592.461669921875,948.3052978515625,591.93896484375,0.6245363900185705,145.7532196044922
965,5244,8746,935.44580078125,585.375732421875,935.2947998046875,585.0230102539062,935.3812866210938,585.3319702148438,0.320836760478892,148.76490783691406
966,2842,6265,1023.34912109375,564.2536010742188,1023.8049926757812,564.431640625,1023.2672119140625,564.2099609375,0.5816786325153234,150.07997131347656
967,2204,5493,1045.0426025390625,620.3479614257812,1045.508056640625,620.2542724609375,1044.9688720703125,620.3116455078125,0.5422284272986766,150.159912109375
968,3526,7015,997.0771484375,521.3848266601562,997.0037231445312,521.783447265625,996.99072265625,521.3355102539062,0.44812562877286377,152.6269989013672
969,249,3292,1123.9002685546875,526.7223510742188,1124.02490234375,526.8175048828125,1123.7908935546875,526.6788940429688,0.27197992256908843,154.09413146972656
970,1042,9673,1086.22412109375,597.3453369140625,1085.786865234375,597.6165771484375,1086.1380615234375,597.3073120117188,0.4679570046926728,157.38169860839844
971,2831,6225,1025.1268310546875,633.200439453125,1025.3814697265625,634.41357421875,1025.05908203125,633.1653442382812,1.289190408834134,158.74192810058594
972,5249,8800,934.8272705078125,575.8833618164062,933.4544067382812,573.7977905273438,934.7609252929688,575.8382568359375,2.422910128388777,159.26393127441406
973,815,4089,1094.4632568359375,542.1017456054688,1094.505859375,542.7241821289062,1094.3634033203125,542.0584106445312,0.680841682716341,159.8468017578125
974,142,13417,1130.6217041015625,563.4215698242188,1130.7958984375,564.202880859375,1130.5191650390625,563.3815307617188,0.8667164223266451,160.5926513671875
975,3197,11171,1009.2772216796875,577.2762451171875,1009.3218994140625,577.4371337890625,1009.2003784179688,577.2337036132812,0.23696242088147115,160.80734252929688
976,5107,1072,938.7849731445312,611.9251098632812,937.783203125,612.2479858398438,938.7252197265625,611.8851928710938,1.0094622408955178,162.30218505859375
977,4252,7822,967.81298828125,599.5448608398438,967.2572631835938,598.3854370117188,967.7469482421875,599.50390625,1.2209688339967584,165.9849395751953
978,798,8866,1095.571533203125,513.1525268554688,1095.3331298828125,512.5881958007812,1095.465087890625,513.1067504882812,0.5350811898712815,167.5619354248047
979,13461,13507,1131.89111328125,541.299072265625,1134.0565185546875,543.6705932617188,1131.7833251953125,541.2571411132812,3.315442552948879,167.74981689453125
980,3490,10743,999.2042236328125,515.2431640625,998.7786865234375,514.4834594726562,999.1162109375,515.1932983398438,0.7859986943107903,168.44287109375
981,11896,14639,1191.31640625,623.72314453125,1190.576904296875,624.1585693359375,1191.2142333984375,623.6903686523438,0.7908225235892806,86.79861450195312
982,11889,14631,1189.6956787109375,620.4099731445312,1190.00634765625,620.3972778320312,1189.5931396484375,620.3768310546875,0.4137135825956406,104.90471649169922
983,12736,2028,1298.2220458984375,558.9261474609375,1298.216796875,558.4121704101562,1298.0767822265625,558.8915405273438,0.4993994503695756,108.86229705810547
984,11858,1739,1185.330810546875,542.00732421875,1185.26953125,542.2141723632812,1185.2109375,541.967529296875,0.2535074550093948,116.88455963134766
985,13266,1322,1351.0765380859375,635.9741821289062,1350.65283203125,634.6192626953125,1350.935546875,635.9456176757812,1.356150882863277,121.36309051513672
986,11897,14644,1191.31640625,623.72314453125,1190.576904296875,624.1585693359375,1191.2142333984375,623.6903686523438,0.7908225235892806,122.63359832763672
987,12362,2458,1256.539306640625,629.5584716796875,1255.261962890625,627.3256225585938,1256.4227294921875,629.527587890625,2.4891826824824346,124.33824920654297
988,12838,1894,1308.70751953125,579.4124145507812,1309.40771484375,580.3255615234375,1308.5643310546875,579.3793334960938,1.2675344947512333,127.6126937866211
989,12613,2160,1285.2694091796875,562.2969360351562,1285.265625,562.1405639648438,1285.1285400390625,562.2620849609375,0.1831929010820373,130.84341430664062
990,12023,797,1211.3568115234375,612.943359375,1210.712158203125,612.1327514648438,1211.2474365234375,612.9100341796875,0.9437644298189256,133.0939483642578
991,12924,1764,1320.00634765625,526.6467895507812,1320.353515625,526.6111450195312,1319.8465576171875,526.6115112304688,0.5069581400822651,133.65628051757812
992,12070,588,1219.2225341796875,630.8761596679688,1219.8638916015625,631.0888061523438,1219.115478515625,630.8446655273438,0.7872272810172946,133.94029235839844
993,12055,653,1216.6417236328125,608.3991088867188,1217.1583251953125,608.728759765625,1216.530029296875,608.3655395507812,0.7257304323676425,133.98507690429688
994,12104,499,1223.9569091796875,624.36376953125,1223.4029541015625,623.802490234375,1223.84716796875,624.331787109375,0.6910001025227417,135.0
995,12019,819,1210.4737548828125,628.9261474609375,1210.6123046875,628.980712890625,1210.368408203125,628.894287109375,0.2587564699773852,136.16534423828125
996,12090,526,1222.9586181640625,582.9934692382812,1222.8717041015625,582.8619995117188,1222.8392333984375,582.9580078125,0.10135058154907081,136.16900634765625
997,12022,805,1211.3568115234375,612.943359375,1210.712158203125,612.1327514648438,1211.2474365234375,612.9100341796875,0.9437644298189256,136.85028076171875
998,11781,2032,1176.2821044921875,522.0283813476562,1175.8143310546875,521.9000244140625,1176.1597900390625,521.98681640625,0.35619483403508473,137.16778564453125
999,12220,115,1240.4510498046875,626.7435913085938,1239.4144287109375,625.1553344726562,1240.337890625,626.712158203125,1.810105531308772,138.61817932128906
1000,12077,546,1220.8621826171875,626.4285888671875,1221.0421142578125,626.5333251953125,1220.753662109375,626.396728515625,0.3191602964653639,144.16656494140625
1001,13150,1465,1337.9031982421875,516.7003173828125,1339.064697265625,517.3078002929688,1337.7354736328125,516.6654663085938,1.4762887297240748,145.4269561767578
1002,12152,313,1229.716064453125,556.2896728515625,1229.7110595703125,556.1348266601562,1229.588623046875,556.2525024414062,0.1698184082019948,147.7159423828125
1003,12623,2151,1286.0933837890625,541.7820434570312,1285.911376953125,541.1565551757812,1285.947265625,541.74609375,0.5906299410466997,151.9967041015625
1004,13219,1380,1345.732666015625,628.7722778320312,1345.253662109375,628.6560668945312,1345.59130859375,628.7431640625,0.34869910392625586,152.46966552734375
1005,12106,445,1224.1220703125,598.8348388671875,1224.4302978515625,598.99462890625,1224.0062255859375,598.8006591796875,0.4663277187719507,153.15025329589844
1006,12078,541,1220.91796875,602.0372314453125,1221.066650390625,601.95361328125,1220.8037109375,602.0032348632812,0.2675807493317824,154.0843963623047
1007,13357,1155,1364.435791015625,511.7608337402344,1365.3045654296875,512.2301635742188,1364.2584228515625,511.7270202636719,1.1608477439845808,155.35765075683594
1008,12038,8510,1212.8131103515625,635.6270141601562,1213.2703857421875,635.4559936523438,1212.708740234375,635.5958251953125,0.5787905811733484,155.8749542236328
1009,14482,14313,1297.8470458984375,525.9261474609375,1297.369873046875,526.27392578125,1297.693603515625,525.8899536132812,0.5022310645228117,159.43023681640625
1010,12157,287,1230.895263671875,550.8417358398438,1230.630126953125,550.7955932617188,1230.7662353515625,550.8042602539062,0.13638406387404445,161.90737915039062
1011,12173,239,1233.7861328125,624.8281860351562,1232.96826171875,622.6004638671875,1233.674072265625,624.7964477539062,2.3066238875916407,162.8158416748047
1012,12215,8136,1239.707275390625,611.0554809570312,1239.3701171875,611.0286865234375,1239.5904541015625,611.022705078125,0.22041808770291957,165.8523406982422
1013,12350,13955,1255.3702392578125,619.9996948242188,1255.5211181640625,620.2739868164062,1255.2515869140625,619.968017578125,0.40775515876683993,166.6163330078125
1014,12700,2070,1294.069580078125,546.5385131835938,1294.7384033203125,546.845947265625,1293.92236328125,546.5031127929688,0.8851309626233936,167.7677001953125
1015,11888,1631,1189.62646484375,637.2257080078125,1188.8218994140625,636.906982421875,1189.52783203125,637.1942138671875,0.7621304108782834,168.57046508789062
1016,292,8320,24.61716651916504,702.4302978515625,24.166898727416992,702.5509033203125,24.503372192382812,702.4000854492188,0.36872811510292525,123.32071685791016
1017,2845,3474,169.3560333251953,752.2716064453125,169.2247314453125,752.156494140625,169.28099060058594,752.2590942382812,0.11701227538661398,133.52528381347656
1018,3053,12842,180.50157165527344,650.4205932617188,180.2439727783203,650.5819091796875,180.42039489746094,650.3743896484375,0.2723767977862443,134.10443115234375
1019,1702,2158,108.64282989501953,731.659423828125,108.464111328125,731.911376953125,108.55236053466797,731.6398315429688,0.2855255369181356,141.63333129882812
1020,3458,4256,205.90452575683594,671.504150390625,206.20913696289062,672.6513671875,205.83006286621094,671.4649047851562,1.2455481536049995,142.9545440673828
1021,2660,13248,159.6819610595703,656.2853393554688,161.36642456054688,654.9003295898438,159.59707641601562,656.2406616210938,2.2197033158850146,147.5669403076172
1022,3009,3666,177.93739318847656,751.8903198242188,177.98707580566406,751.1958618164062,177.86416625976562,751.8776245117188,0.6927532960533099,152.9901885986328
1023,1006,1351,69.52481842041016,700.6845703125,69.90860748291016,701.2940673828125,69.42259979248047,700.6539306640625,0.8037278730072857,153.31666564941406
1024,2661,13247,159.6819610595703,656.2853393554688,161.36642456054688,654.9003295898438,159.59707641601562,656.2406616210938,2.2197033158850146,154.5477294921875
1025,1403,1815,92.6266860961914,750.595458984375,93.09075927734375,751.676513671875,92.5336685180664,750.5827026367188,1.2275066984345928,158.9874267578125
1026,599,821,43.7848014831543,759.1688842773438,43.66881561279297,758.5735473632812,43.6796875,759.1596069335938,0.5861604028645355,159.83428955078125
1027,933,1254,64.77315521240234,704.7963256835938,64.89239501953125,705.1734008789062,64.67001342773438,704.7671508789062,0.46313349573326257,160.67669677734375
1028,1105,1409,75.23863220214844,740.6655883789062,73.82881164550781,738.9752807617188,75.14055633544922,740.6492919921875,2.1267317017726928,161.25755310058594
1029,853,1170,59.87834167480469,696.6373291015625,60.299869537353516,696.7008056640625,59.77342224121094,696.605224609375,0.5350537296674104,167.3230438232422
1030,852,1169,59.87834167480469,696.6373291015625,60.299869537353516,696.7008056640625,59.77342224121094,696.605224609375,0.5350537296674104,168.92306518554688
1031,3391,9110,200.8186798095703,695.5686645507812,202.17872619628906,697.8060913085938,200.74533081054688,695.537109375,2.683822152610308,169.0976104736328
1032,994,1331,68.5344467163086,687.9844970703125,68.84068298339844,687.7977294921875,68.4311294555664,687.9494018554688,0.43673630252474077,170.7307891845703
1033,961,1285,66.47664642333984,694.46826171875,66.3447265625,693.8186645507812,66.37324523925781,694.4354248046875,0.6174192463168917,171.1373748779297
1034,1141,1472,77.5383529663086,728.2000122070312,77.15892791748047,729.0162963867188,77.44001007080078,728.17919921875,0.883028224654504,171.62750244140625
1035,960,1284,66.47664642333984,694.46826171875,66.3447265625,693.8186645507812,66.37324523925781,694.4354248046875,0.6174192463168917,174.11203002929688
1036,1404,1799,92.64061737060547,755.4561767578125,92.28570556640625,755.7367553710938,92.54794311523438,755.4451904296875,0.39214620624534063,176.17605590820312
1037,178,258,16.359764099121094,707.3527221679688,15.878708839416504,707.672607421875,16.2440185546875,707.3242797851562,0.504760666626715,176.6946563720703
1038,1145,1467,77.6490707397461,719.8660888671875,76.87614440917969,720.0672607421875,77.55018615722656,719.8423461914062,0.7105764091659801,177.11578369140625
1039,448,638,35.203372955322266,725.0171508789062,35.07987594604492,723.3353271484375,35.09381103515625,724.9952392578125,1.659970601413863,177.3471221923828
1040,350,498,28.83686637878418,659.83837890625,28.159990310668945,659.6386108398438,28.72161102294922,659.7930297851562,0.5824629045129196,177.35557556152344
1041,932,1253,64.77315521240234,704.7963256835938,64.89239501953125,705.1734008789062,64.67001342773438,704.7671508789062,0.46313349573326257,179.649658203125
1042,997,1320,68.67301177978516,724.231689453125,68.4299087524414,724.0368041992188,68.57215881347656,724.20947265625,0.22371740191155964,180.13050842285156
1043,3393,9018,201.09983825683594,675.561279296875,200.5222625732422,676.8195190429688,201.02481079101562,675.5233154296875,1.3902152776712773,182.37872314453125
1044,1916,2411,119.32048797607422,741.404296875,119.30545806884766,741.6141967773438,119.23326873779297,741.38818359375,0.2372620042828295,185.07025146484375
1045,2336,2874,142.4789276123047,722.2197265625,142.03688049316406,721.4509887695312,142.39556884765625,722.1968383789062,0.8276164422322416,192.6499481201172
1046,4141,5054,244.54043579101562,647.2695922851562,244.62220764160156,646.765869140625,244.47071838378906,647.2234497070312,0.48200515555878304,84.0238037109375
1047,4475,5433,261.240966796875,723.3084106445312,261.6577453613281,723.4454956054688,261.1813049316406,723.2860107421875,0.5024250239156571,88.18730163574219
1048,4210,12271,248.36167907714844,644.6338500976562,248.68804931640625,644.34326171875,248.2923583984375,644.5869750976562,0.4647230504513989,91.24691772460938
1049,4315,5261,253.50328063964844,702.0689086914062,254.11094665527344,701.6068725585938,253.44024658203125,702.0397338867188,0.7982527905577371,102.35233306884766
1050,4129,5035,244.09466552734375,653.4392700195312,243.72413635253906,653.0982666015625,244.02545166015625,653.3949584960938,0.422867585521736,102.79591369628906
1051,4140,5053,244.54043579101562,647.2695922851562,244.62220764160156,646.765869140625,244.47071838378906,647.2234497070312,0.48200515555878304,103.04853057861328
1052,7546,617,412.9949645996094,666.99267578125,412.81298828125,666.8704223632812,412.9501953125,666.9546508789062,0.1609975536113184,106.97663116455078
1053,5039,6036,288.9222106933594,693.0186767578125,288.9499206542969,693.4964599609375,288.8641662597656,692.9869384765625,0.5166874869987899,111.8704605102539
1054,7434,848,406.43377685546875,668.2696533203125,407.1543273925781,668.8534545898438,406.38848876953125,668.2318725585938,0.9863432557295708,116.55899810791016
1055,7371,1021,402.6540222167969,664.7855834960938,402.713134765625,664.84130859375,402.6079406738281,664.746826171875,0.14139563286160872,121.36309051513672
1056,6163,7358,344.8239440917969,724.8819580078125,344.75299072265625,726.2036743164062,344.77752685546875,724.860107421875,1.3437909145003697,123.43419647216797
1057,4665,12312,269.91156005859375,743.7908325195312,270.64178466796875,743.657958984375,269.8553771972656,743.7750244140625,0.795072968227197,123.78206634521484
1058,7433,863,406.43377685546875,668.2696533203125,407.1543273925781,668.8534545898438,406.38848876953125,668.2318725585938,0.9863432557295708,125.26771545410156
1059,7320,1074,400.6799011230469,700.46337890625,401.2481384277344,701.0086669921875,400.63775634765625,700.4345092773438,0.8379876879734544,128.9185791015625
1060,5576,6636,316.92333984375,749.1033935546875,315.6863708496094,749.2525024414062,316.8753967285156,749.0890502929688,1.200207959287729,129.4720001220703
1061,4958,5941,284.00494384765625,694.3582153320312,283.9672546386719,694.6331176757812,283.9462585449219,694.3268432617188,0.3069932453036817,130.09996032714844
1062,6635,7905,367.8429870605469,659.0512084960938,367.5349426269531,658.3148803710938,367.79229736328125,659.0103759765625,0.7415831696693648,130.89691162109375
1063,6389,7621,356.42437744140625,696.2192993164062,356.36474609375,695.7215576171875,356.37640380859375,696.18896484375,0.46755258288049956,132.1854705810547
1064,4130,5036,244.09466552734375,653.4392700195312,243.72413635253906,653.0982666015625,244.02545166015625,653.3949584960938,0.422867585521736,133.27040100097656
1065,6657,7910,368.9739685058594,739.7783813476562,367.9366760253906,738.3679809570312,368.93243408203125,739.760986328125,1.7123078202416615,137.26980590820312
1066,4809,5810,276.90203857421875,700.4649047851562,278.5882568359375,701.3817138671875,276.8428039550781,700.4353637695312,1.985493456709008,139.2156524658203
1067,8229,7711,448.06292724609375,687.6909790039062,448.0970153808594,686.9364624023438,448.0240478515625,687.6588745117188,0.7260878156967842,142.20408630371094
1068,4470,5415,260.9449462890625,755.334716796875,260.8738098144531,756.0211791992188,260.8882751464844,755.3226928710938,0.6986360972697585,142.45701599121094
1069,8279,7627,450.8835144042969,694.0869750976562,450.72357177734375,693.5267944335938,450.8456726074219,694.056640625,0.543733022036988,144.6029052734375
1070,7489,749,409.3793029785156,697.4427490234375,409.5577392578125,696.9685668945312,409.3377685546875,697.4130859375,0.4959680330375742,147.60081481933594
1071,4026,4923,238.5223388671875,707.0652465820312,238.96121215820312,707.5800170898438,238.4571075439453,707.03759765625,0.7405000364997847,148.42506408691406
1072,6598,7863,366.1842956542969,685.9744262695312,366.1432189941406,685.2700805664062,366.13641357421875,685.941162109375,0.6711160488720497,149.34523010253906
1073,4992,5988,286.08453369140625,689.2513427734375,286.13421630859375,690.04443359375,286.0256652832031,689.2183837890625,0.8331516098151722,151.28781127929688
1074,4153,5050,245.2729949951172,760.9920043945312,244.5703582763672,761.9976196289062,245.21400451660156,760.9819946289062,1.2024036856201192,151.79920959472656
1075,5920,7073,333.3528137207031,759.07861328125,333.22869873046875,757.7853393554688,333.30841064453125,759.0673217773438,1.2844582201223977,154.45387268066406
1076,5199,6215,297.4051818847656,658.7122802734375,297.4060974121094,659.1266479492188,297.3450012207031,658.6703491210938,0.46037089955013166,155.1966552734375
1077,5219,11619,298.82220458984375,686.0595092773438,298.3436279296875,686.0862426757812,298.7650146484375,686.0256958007812,0.4257143300514527,155.8749542236328
1078,7739,266,422.2633361816406,711.6163330078125,422.28131103515625,711.8360595703125,422.224853515625,711.5906982421875,0.25177297879416166,156.05126953125
1079,6695,7994,370.8253479003906,669.0601806640625,371.2150573730469,669.132568359375,370.7761535644531,669.0221557617188,0.4525787168209527,164.222412109375
1080,7925,8029,432.4178771972656,750.6852416992188,430.9252014160156,749.2366943359375,432.3851623535156,750.6708374023438,2.0465219944938293,164.60862731933594
1081,10393,5483,565.29296875,760.8870239257812,565.3750610351562,759.724365234375,565.2721557617188,760.8746337890625,1.154862434753212,131.83322143554688
1082,10877,4921,590.289306640625,757.6609497070312,590.5673828125,757.6677856445312,590.2691650390625,757.6475830078125,0.29890129963653533,147.8817138671875
1083,14441,10115,460.5167541503906,695.21337890625,460.04443359375,695.4383544921875,460.47991943359375,695.1834106445312,0.5046229108573941,153.0326690673828
1084,10231,3471,661.1946411132812,690.3682861328125,660.7885131835938,689.8250732421875,661.1659545898438,690.3385620117188,0.6372854396474901,162.08639526367188
1085,10917,4893,592.3352661132812,678.7481079101562,592.3463134765625,678.7850952148438,592.3037719726562,678.7150268554688,0.08197166913092373,162.6345672607422
1086,11391,4188,625.5194091796875,681.6618041992188,625.5794067382812,681.731689453125,625.4890747070312,681.6297607421875,0.13619595435669668,164.2437286376953
1087,10455,5403,569.1066284179688,748.9262084960938,569.5394287109375,749.6510009765625,569.0842895507812,748.91064453125,0.8690680762883293,174.41903686523438
1088,11270,4071,629.890869140625,680.1299438476562,630.2169189453125,679.9866333007812,629.8604125976562,680.0975952148438,0.37337557805996446,177.24276733398438
1089,11330,4477,612.0903930664062,721.9603881835938,612.1813354492188,722.1144409179688,612.0657958984375,721.9378662109375,0.21101662246824257,179.60511779785156
1090,8578,7321,468.45635986328125,646.7000122070312,468.138916015625,647.0662841796875,468.4140625,646.657470703125,0.49278194618212207,180.09442138671875
1091,10181,3429,662.861572265625,683.9547119140625,662.9291381835938,683.5560302734375,662.8319091796875,683.9235229492188,0.3801372725127918,189.62330627441406
1092,9838,13343,673.8760986328125,740.8513793945312,674.5513305664062,741.273681640625,673.8553466796875,740.8333740234375,0.8235680714582565,190.31289672851562
1093,6587,5232,785.6665649414062,703.0111694335938,785.8790893554688,703.0883178710938,785.6370849609375,702.9849243164062,0.26316602007735335,72.84915924072266
1094,7003,7227,872.655029296875,699.25341796875,872.6720581054688,699.3237915039062,872.6190185546875,699.2268676757812,0.11048720471385516,97.7036361694336
1095,8340,4737,768.8258666992188,707.978515625,770.0621948242188,708.30078125,768.7979736328125,707.9531860351562,1.3111360166599462,99.64437103271484
1096,8719,3403,725.8443603515625,760.7297973632812,725.9693603515625,760.1539916992188,725.8265380859375,760.7162475585938,0.5801119296823483,108.69222259521484
1097,8253,4716,769.490478515625,680.4978637695312,769.6631469726562,681.1107788085938,769.4578247070312,680.4669189453125,0.6758052650771027,122.78028869628906
1098,8585,2999,714.349365234375,696.2730712890625,714.7769775390625,695.2142333984375,714.3211669921875,696.2449951171875,1.1270461283740523,124.30204772949219
1099,9956,3590,730.2615966796875,755.6673583984375,730.4985961914062,755.8441162109375,730.2428588867188,755.652587890625,0.3195069114910581,128.12493896484375
1100,5825,5330,790.7303466796875,708.4927368164062,790.6113891601562,708.4052124023438,790.7015380859375,708.4676513671875,0.1096606271652336,128.829345703125
1101,6885,7286,876.0095825195312,642.0021362304688,876.0094604492188,643.0653076171875,875.9625854492188,641.965576171875,1.1007299929747167,129.49517822265625
1102,8111,6582,830.6554565429688,640.8681640625,830.9519653320312,640.5726928710938,830.6121215820312,640.8306274414062,0.4266427275559218,130.03460693359375
1103,6294,9666,899.5052490234375,648.5194091796875,899.118896484375,646.6410522460938,899.4570922851562,648.4843139648438,1.8740304595911121,131.6168670654297
1104,7025,7212,872.021240234375,660.8966674804688,871.5715942382812,661.0200805664062,871.9781494140625,660.86328125,0.4357443477315459,132.44244384765625
1105,7688,6819,846.0955200195312,643.1489868164062,846.3811645507812,642.3980712890625,846.0513916015625,643.1121215820312,0.7865227389752886,135.71661376953125
1106,4845,5475,795.3890380859375,712.6032104492188,795.2471923828125,712.3853759765625,795.3607177734375,712.5789794921875,0.22443336556519056,136.5906219482422
1107,6845,7342,877.794921875,659.5430297851562,877.71728515625,659.4111328125,877.7510375976562,659.5094604492188,0.10395937400531427,136.95985412597656
1108,8710,3402,725.8443603515625,760.7297973632812,725.9693603515625,760.1539916992188,725.8265380859375,760.7162475585938,0.5801119296823483,139.44174194335938
1109,10074,4195,751.1590576171875,693.8444213867188,750.6449584960938,694.2349853515625,751.1294555664062,693.8161010742188,0.6404697096250463,145.2515106201172
1110,6769,7429,880.8652954101562,725.7518920898438,882.1178588867188,726.1698608398438,880.8335571289062,725.7303466796875,1.3574253946711514,147.28883361816406
1111,13957,9911,892.2266235351562,719.5582885742188,893.1862182617188,719.8895874023438,892.1927490234375,719.5355834960938,1.0546562914292912,148.85899353027344
1112,9203,13663,690.485595703125,708.6755981445312,690.9054565429688,708.6856689453125,690.459716796875,708.650146484375,0.447152956468787,150.22315979003906
1113,6095,8054,906.4630737304688,750.4922485351562,906.2943115234375,750.0624389648438,906.4337768554688,750.4754028320312,0.43587811879129923,151.75637817382812
1114,8865,2582,703.83154296875,698.2275390625,704.3211669921875,697.392822265625,703.8038330078125,698.1998291015625,0.9585898417149891,154.05519104003906
1115,8011,4788,772.3861083984375,679.7745971679688,772.5479736328125,679.83544921875,772.3532104492188,679.7435302734375,0.2153643196793172,154.22711181640625
1116,8184,4729,769.9069213867188,728.8038330078125,769.8963012695312,728.529296875,769.882568359375,728.782958984375,0.2540335776111774,154.2692413330078
1117,2749,5801,807.121337890625,727.2059326171875,807.0513916015625,727.2964477539062,807.094970703125,727.1846923828125,0.11995166135279854,158.13601684570312
1118,6358,5262,787.7620849609375,712.3251342773438,787.2117919921875,711.7649536132812,787.734130859375,712.30078125,0.7482974999599568,158.78602600097656
1119,6210,7960,902.2015380859375,752.8436279296875,902.0848999023438,753.3021850585938,902.173095703125,752.8272705078125,0.4830345016861657,159.61203002929688
1120,7734,6799,845.0886840820312,754.9140625,844.904541015625,754.988525390625,845.0650634765625,754.8984375,0.18407413860369734,161.41871643066406
1121,8708,13673,709.8845825195312,743.210205078125,710.1403198242188,743.580810546875,709.8640747070312,743.1926879882812,0.4763932044638069,161.65394592285156
1122,8990,2638,699.0111694335938,706.812744140625,698.8396606445312,706.8164672851562,698.9849243164062,706.7869262695312,0.14823699258540077,166.55929565429688
1123,8889,2553,703.0769653320312,742.6159057617188,703.0158081054688,742.7853393554688,703.0564575195312,742.5982666015625,0.1914382148832697,166.6703338623047
1124,7485,6904,851.339599609375,652.643798828125,851.028564453125,653.040771484375,851.2967529296875,652.608642578125,0.5085867188373443,168.62384033203125
1125,8194,4725,769.9069213867188,728.8038330078125,769.8963012695312,728.529296875,769.882568359375,728.782958984375,0.2540335776111774,169.11830139160156
1126,5291,5429,793.3697509765625,717.54052734375,793.5592651367188,717.839599609375,793.3424072265625,717.5172729492188,0.3884865879857616,169.7939910888672
1127,6322,7828,898.7586669921875,658.2303466796875,898.6016845703125,658.0161743164062,898.7124633789062,658.1968994140625,0.2119752470367986,170.2086944580078
1128,3908,7476,978.7830200195312,723.5682983398438,978.2809448242188,723.5079345703125,978.7405395507812,723.5464477539062,0.46120557021200975,97.42689514160156
1129,395,3516,1117.7589111328125,748.62255859375,1117.484130859375,748.1669311523438,1117.700439453125,748.6043701171875,0.48799821279762295,99.36296844482422
1130,970,9284,1088.3931884765625,640.5224609375,1089.1767578125,641.5368041992188,1088.316162109375,640.489501953125,1.3555319837282434,99.5339126586914
1131,398,3518,1117.7589111328125,748.62255859375,1117.484130859375,748.1669311523438,1117.700439453125,748.6043701171875,0.48799821279762295,104.76163482666016
1132,4716,404,953.5525512695312,690.2196044921875,953.6028442382812,689.743896484375,953.5064697265625,690.1920166015625,0.45836632286541973,106.30146026611328
1133,2262,12392,1043.057861328125,668.4798583984375,1043.22119140625,668.4405517578125,1042.9947509765625,668.4498901367188,0.22663290475492814,108.23123168945312
1134,939,4193,1089.5679931640625,696.5853881835938,1090.275390625,697.25341796875,1089.5030517578125,696.5597534179688,1.0381126310661208,114.656005859375
1135,1293,4533,1078.43896484375,735.3159790039062,1078.16015625,735.3602294921875,1078.3843994140625,735.2959594726562,0.23327158429459116,114.93476104736328
1136,3631,7131,992.2371826171875,654.987060546875,992.2318115234375,654.8782958984375,992.1788940429688,654.9544677734375,0.09274920096785828,121.82774353027344
1137,2325,5691,1040.8919677734375,747.5508422851562,1039.7225341796875,747.3185424804688,1040.845947265625,747.5328369140625,1.1436691243208776,126.27747344970703
1138,2263,5597,1042.5511474609375,731.113037109375,1042.7333984375,732.0448608398438,1042.5013427734375,731.0924072265625,0.9803151109087306,128.1015167236328
1139,1076,4364,1085.064453125,697.9692993164062,1084.9072265625,698.08447265625,1085.0006103515625,697.9437866210938,0.1688582024885232,129.22848510742188
1140,1397,4594,1075.71728515625,743.03125,1075.6541748046875,743.3474731445312,1075.664794921875,743.0123901367188,0.3352512625088057,129.44496154785156
1141,4588,141,958.0612182617188,701.0137329101562,958.2911376953125,701.97900390625,958.0167236328125,700.9879760742188,1.0283186478705486,132.23086547851562
1142,820,4097,1094.255859375,692.857666015625,1094.169921875,692.9132690429688,1094.1893310546875,692.83154296875,0.08399921108766616,133.25914001464844
1143,439,12914,1114.95068359375,682.5687255859375,1112.620849609375,680.72021484375,1114.8780517578125,682.5413818359375,2.900277702625066,134.6105499267578
1144,1513,4745,1068.812255859375,674.240966796875,1068.8995361328125,674.4772338867188,1068.74609375,674.2120361328125,0.3063893169157465,137.9347686767578
1145,2953,6368,1019.8729248046875,640.6068115234375,1020.258544921875,641.0944213867188,1019.8075561523438,640.5726318359375,0.6896776098640651,149.53929138183594
1146,2360,5690,1040.0677490234375,658.4447631835938,1039.8155517578125,659.0388793945312,1040.0029296875,658.413330078125,0.6530102876603863,150.2032012939453
1147,11547,13723,1145.61376953125,764.6142578125,1144.8359375,763.40673828125,1145.5538330078125,764.5982666015625,1.3910836417139318,153.0751495361328
1148,1262,10328,1079.2027587890625,754.6954345703125,1078.77392578125,755.2159423828125,1079.1522216796875,754.6784057617188,0.6573076949127563,153.34927368164062
1149,4444,9549,962.5101318359375,699.880859375,962.0798950195312,699.9603271484375,962.4649047851562,699.85498046875,0.3991621757479009,154.60272216796875
1150,11536,2760,1143.683837890625,721.5906982421875,1144.1905517578125,721.3091430664062,1143.6143798828125,721.5686645507812,0.6319220129044556,154.70941162109375
1151,11548,13728,1145.61376953125,764.6142578125,1144.8359375,763.40673828125,1145.5538330078125,764.5982666015625,1.3910836417139318,156.214599609375
1152,1079,4366,1085.064453125,697.9692993164062,1084.9072265625,698.08447265625,1085.0006103515625,697.9437866210938,0.1688582024885232,157.9366912841797
1153,2057,12607,1049.672607421875,653.8980102539062,1049.878173828125,654.4004516601562,1049.605224609375,653.8660888671875,0.6000373909395968,160.648681640625
1154,1816,12333,1056.2757568359375,690.2998657226562,1056.49072265625,690.8087158203125,1056.215087890625,690.2730712890625,0.6024031771821766,162.0061798095703
1155,4571,36,958.7110595703125,755.0770263671875,959.3920288085938,754.9575805664062,958.6773071289062,755.060791015625,0.7221353586712518,163.8688507080078
1156,5084,1000,939.4077758789062,700.544921875,939.2324829101562,700.798828125,939.3654174804688,700.5189819335938,0.3098152527374218,166.55029296875
1157,5100,1018,939.0170288085938,653.1014404296875,938.8232421875,652.795166015625,938.96533203125,653.0677490234375,0.30739391640858615,167.0478973388672
1158,1483,4744,1070.231689453125,695.6917114257812,1068.998046875,695.2410278320312,1070.169921875,695.6658325195312,1.2464951015334849,167.34097290039062
1159,5215,1070,936.0316162109375,649.0013427734375,935.7077026367188,648.907958984375,935.9794921875,648.9669189453125,0.2781111952216688,169.1242218017578
1160,4552,12,959.84814453125,688.5473022460938,959.9407958984375,688.6454467773438,959.8009643554688,688.51953125,0.1881690209234135,171.79930114746094
1161,4594,9360,958.0352172851562,681.3630981445312,957.85107421875,681.9176635742188,957.98681640625,681.3341064453125,0.5991367658261266,173.44163513183594
1162,1392,4574,1076.18115234375,723.0252075195312,1076.1497802734375,723.2891235351562,1076.124267578125,723.0032958984375,0.2869639969305107,174.0517120361328
1163,12638,2138,1288.01611328125,665.1742553710938,1288.0970458984375,665.3380126953125,1287.900146484375,665.14697265625,0.2743459053515422,84.2911605834961
1164,13272,1300,1351.6702880859375,645.2413940429688,1351.652587890625,645.0147094726562,1351.531494140625,645.2135009765625,0.23276975386499663,94.8630599975586
1165,12327,2475,1252.2860107421875,651.9103393554688,1251.7117919921875,651.0448608398438,1252.1759033203125,651.88134765625,0.9566135682266977,102.67911529541016
1166,13236,1369,1347.219970703125,746.70068359375,1346.387939453125,746.1275634765625,1347.108642578125,746.6812744140625,0.9088502608746364,118.87808990478516
1167,12143,329,1228.5350341796875,684.3038330078125,1229.25341796875,685.1522827148438,1228.4385986328125,684.2777099609375,1.195327591956611,120.32040405273438
1168,12398,2406,1259.995361328125,652.9035034179688,1259.2646484375,652.555908203125,1259.883544921875,652.8746948242188,0.6961736623573925,120.57777404785156
1169,12385,2417,1258.32177734375,645.6865844726562,1258.3731689453125,645.6407470703125,1258.2086181640625,645.6571044921875,0.16536179988250635,122.53978729248047
1170,12706,2073,1294.640869140625,659.2494506835938,1294.423095703125,658.7142333984375,1294.5216064453125,659.2217407226562,0.5169797389279464,125.4950180053711
1171,12593,14176,1283.2454833984375,651.8934936523438,1282.5313720703125,650.893798828125,1283.12744140625,651.864990234375,1.1395224441926648,126.53063201904297
1172,13240,14778,1348.2445068359375,730.3929443359375,1347.5533447265625,730.2749633789062,1348.128662109375,730.3719482421875,0.5834347904195527,139.63523864746094
1173,12479,2280,1270.8798828125,730.535888671875,1270.888671875,731.3298950195312,1270.784423828125,730.5149536132812,0.8215821023476472,141.50265502929688
1174,13270,1294,1351.6253662109375,743.7046508789062,1351.961669921875,743.6737060546875,1351.511962890625,743.6849365234375,0.4498472378308365,144.68240356445312
1175,12491,2272,1272.2122802734375,721.9533081054688,1272.3369140625,722.1908569335938,1272.1143798828125,721.9314575195312,0.3417740732489181,145.60220336914062
1176,12262,2538,1245.595703125,688.0355224609375,1245.30615234375,687.8248291015625,1245.49609375,688.0099487304688,0.26523011671870006,148.48231506347656
1177,12408,2377,1260.7117919921875,754.445556640625,1261.0244140625,754.8511352539062,1260.624755859375,754.4274291992188,0.5824547193593254,150.31300354003906
1178,12484,14069,1271.1959228515625,641.9595947265625,1270.10595703125,640.2052001953125,1271.07861328125,641.9300537109375,1.9801969172352492,150.73155212402344
1179,11837,14512,1183.755859375,644.7039184570312,1183.9166259765625,645.383056640625,1183.660400390625,644.673095703125,0.7547821431809937,150.90725708007812
1180,12439,2324,1265.4339599609375,747.7932739257812,1265.1065673828125,746.9863891601562,1265.3441162109375,747.7743530273438,0.8229924068523603,151.7267303466797
1181,12565,2195,1281.3553466796875,654.4874877929688,1281.5888671875,654.7728271484375,1281.2384033203125,654.4591674804688,0.4703268113921257,153.1306610107422
1182,12407,2379,1260.7117919921875,754.445556640625,1261.0244140625,754.8511352539062,1260.624755859375,754.4274291992188,0.5824547193593254,154.5477294921875
1183,12553,2219,1279.77099609375,661.644287109375,1279.5482177734375,661.8343505859375,1279.65625,661.6165771484375,0.24309716587533006,155.92947387695312
1184,12889,1821,1315.626953125,648.1459350585938,1315.673095703125,650.035400390625,1315.4991455078125,648.1176147460938,1.925658445524387,156.74819946289062
1185,12806,1950,1304.8863525390625,701.9793701171875,1305.30712890625,703.102783203125,1304.775146484375,701.95556640625,1.2645598745081728,157.9366912841797
1186,13188,1446,1341.910888671875,752.0784301757812,1341.7901611328125,751.5477294921875,1341.8023681640625,752.0595703125,0.5119863640275114,157.99684143066406
1187,12525,2247,1277.11767578125,655.4364624023438,1277.454345703125,655.7825317382812,1277.0020751953125,655.4081420898438,0.5871253878807587,158.80491638183594
1188,12227,55,1241.0469970703125,690.0892333984375,1240.942626953125,690.1964721679688,1240.948974609375,690.0638427734375,0.1327812073811431,160.83221435546875
1189,12538,2235,1278.3143310546875,742.07373046875,1278.1767578125,742.0018310546875,1278.2198486328125,742.0540771484375,0.06772350483648902,162.0740509033203
1190,12487,2274,1271.4193115234375,742.9422607421875,1271.13916015625,742.24072265625,1271.3267822265625,742.9227294921875,0.7073438806788596,162.52076721191406
1191,13015,14603,1326.8680419921875,739.8235473632812,1327.7177734375,741.83349609375,1326.760498046875,739.8035278320312,2.2443589991535866,162.90794372558594
1192,13311,1229,1357.4964599609375,655.0950317382812,1357.4632568359375,654.7052612304688,1357.3585205078125,655.06787109375,0.3774329230180569,163.2727813720703
1193,12756,14351,1300.1973876953125,685.625732421875,1301.1766357421875,685.8938598632812,1300.083251953125,685.6004028320312,1.132080005730484,163.581787109375
1194,13190,1445,1342.3115234375,738.7898559570312,1341.8065185546875,738.4616088867188,1342.199462890625,738.7696533203125,0.499296128778761,165.680419921875
1195,12364,2451,1256.7763671875,664.2318725585938,1256.017333984375,664.3580322265625,1256.668212890625,664.2041015625,0.6688333125225735,168.9674530029297
1196,12571,2197,1281.49365234375,684.48876953125,1281.2174072265625,684.4022216796875,1281.3841552734375,684.463134765625,0.1775255338678255,170.6956329345703
1197,12483,14068,1271.1959228515625,641.9595947265625,1270.10595703125,640.2052001953125,1271.07861328125,641.9300537109375,1.9801969172352492,172.09300231933594
