match_index,moving_keypoint_index,reference_keypoint_index,moving_x_px,moving_y_px,reference_x_px,reference_y_px,descriptor_distance,is_ransac_inlier
1,1856,2325,116.37511444091797,43.163238525390625,115.99329376220703,43.658321380615234,94.81561279296875,1
2,2897,13050,171.32106018066406,60.89821243286133,172.5607147216797,61.05316162109375,111.22050476074219,1
3,2017,2530,126.0124740600586,71.9795913696289,126.02063751220703,72.00360870361328,122.91867065429688,1
4,1561,1988,101.36953735351562,59.14636993408203,100.7786865234375,59.3912353515625,126.21014404296875,1
5,1871,2353,117.08963012695312,113.43431091308594,117.29237365722656,114.21929168701172,129.1859130859375,1
6,1952,13942,121.68384552001953,79.07085418701172,121.80430603027344,78.71653747558594,131.0991973876953,1
7,3287,8593,193.89820861816406,91.77252960205078,194.6654815673828,91.96461486816406,131.63206481933594,1
8,1855,2331,116.34825134277344,31.951801300048828,116.40435791015625,31.653610229492188,132.5254669189453,1
9,3617,4429,214.79649353027344,19.628498077392578,214.89027404785156,19.995038986206055,139.7139892578125,1
10,2161,2684,133.45733642578125,31.12197494506836,133.03152465820312,31.37272834777832,146.86387634277344,1
11,2194,2730,135.0059051513672,6.9629998207092285,134.88429260253906,6.298995018005371,149.11740112304688,1
12,1031,14774,71.0113525390625,19.334747314453125,70.6278305053711,18.819162368774414,149.39878845214844,1
13,3373,4124,199.2413330078125,31.430606842041016,199.01168823242188,31.35304069519043,151.28781127929688,1
14,1601,2034,103.05547332763672,76.3121337890625,102.63691711425781,76.92525482177734,154.36643981933594,1
15,1733,2183,110.02348327636719,106.92630004882812,109.96907806396484,107.08467864990234,155.9390869140625,1
16,2591,13322,156.5581512451172,72.04039001464844,156.81190490722656,71.93550872802734,157.86386108398438,1
17,1752,2227,110.6205062866211,15.725332260131836,111.6299057006836,15.959125518798828,158.5749053955078,1
18,3286,8606,193.89820861816406,91.77252960205078,194.6654815673828,91.96461486816406,160.1905059814453,1
19,1510,1904,98.37545776367188,69.40291595458984,97.2369384765625,69.71280670166016,161.29786682128906,1
20,1649,2104,105.97882080078125,47.649593353271484,105.83263397216797,47.70417404174805,164.21023559570312,1
21,433,620,34.153053283691406,122.82611083984375,33.953880310058594,122.00827026367188,167.3648681640625,1
22,1366,14533,90.85720825195312,84.37018585205078,90.50253295898438,84.88050079345703,168.78981018066406,1
23,968,1297,66.76201629638672,17.672182083129883,66.88018798828125,17.332138061523438,169.83816528320312,1
24,2197,2738,135.48297119140625,70.62625885009766,135.15670776367188,69.44734954833984,173.35801696777344,1
25,2988,12919,177.2558135986328,85.08809661865234,177.32373046875,85.75419616699219,173.64907836914062,1
26,3015,12910,178.1242218017578,97.32363891601562,177.62799072265625,96.8747787475586,175.6502227783203,1
27,2034,2555,126.45390319824219,8.687765121459961,126.80795288085938,5.96609354019165,180.69033813476562,1
28,2796,13153,166.72067260742188,69.81177520751953,166.63922119140625,68.64522552490234,181.2732696533203,1
29,2288,2818,140.44845581054688,87.83724975585938,139.5098876953125,87.17396545410156,188.55767822265625,1
30,897,1191,62.695518493652344,13.000883102416992,61.14738464355469,11.931339263916016,189.53627014160156,1
31,1545,1970,99.9589614868164,7.888335704803467,99.81449890136719,7.440778732299805,190.5045928955078,1
32,1924,2430,120.42039489746094,70.73992156982422,120.96669006347656,71.24473571777344,192.3070526123047,1
33,5356,11435,306.8645935058594,40.217041015625,306.7427673339844,40.115543365478516,77.5370864868164,1
34,8379,10031,456.4559326171875,32.638031005859375,456.1396484375,32.96379852294922,83.70782470703125,1
35,5480,6555,312.40911865234375,17.475873947143555,312.33624267578125,17.757556915283203,87.78382873535156,1
36,5481,6556,312.40911865234375,17.475873947143555,312.33624267578125,17.757556915283203,95.56673431396484,1
37,5340,6441,306.0135498046875,98.63259887695312,307.37164306640625,100.2220687866211,96.06768798828125,1
38,5607,6694,318.02789306640625,15.564095497131348,317.9696960449219,15.977317810058594,96.6436767578125,1
39,4377,5321,256.6214904785156,22.261564254760742,256.9739074707031,22.31004524230957,96.75743103027344,1
40,5036,11856,288.4025573730469,60.9841194152832,288.3884582519531,60.217857360839844,97.17510223388672,1
41,5172,11681,295.80999755859375,48.56102752685547,295.5266418457031,48.29677200317383,98.7420883178711,1
42,14533,11571,301.2110595703125,89.1363754272461,300.79705810546875,88.36651611328125,99.4283676147461,1
43,5750,6849,324.858642578125,119.7981948852539,324.0923767089844,118.94304656982422,101.7398681640625,1
44,4642,5579,268.6914978027344,86.15841674804688,268.2596435546875,85.62503051757812,104.94284057617188,1
45,5195,11655,297.18817138671875,7.785199165344238,296.7939758300781,7.582403182983398,108.88985443115234,1
46,6555,7802,364.380859375,55.197330474853516,364.0198974609375,55.041282653808594,115.98706817626953,1
47,5204,6219,297.70318603515625,42.610923767089844,297.608154296875,42.66383743286133,118.04660034179688,1
48,6381,7609,356.0981750488281,37.36243438720703,355.9251403808594,36.995826721191406,121.70455932617188,1
49,4849,5814,278.98126220703125,61.19670486450195,278.6852722167969,60.452842712402344,126.360595703125,1
50,5285,6313,302.0484619140625,56.4947624206543,302.09527587890625,56.771053314208984,127.6832046508789,1
51,4631,5576,268.24676513671875,79.69599914550781,268.05865478515625,78.3179931640625,127.75758361816406,1
52,6375,7597,355.5972900390625,116.6796875,355.3971862792969,116.37057495117188,129.2168731689453,1
53,6169,7380,344.9913330078125,118.99899291992188,345.4517822265625,118.9365463256836,130.7019500732422,1
54,5229,6247,299.1512145996094,73.73155975341797,298.9034729003906,72.0540771484375,130.92364501953125,1
55,4062,11809,240.63172912597656,107.57855987548828,240.5806884765625,107.50452423095703,131.6928253173828,1
56,5083,6095,291.0074462890625,127.2284164428711,291.1546630859375,127.66146087646484,133.85813903808594,1
57,7950,8003,433.57049560546875,96.79759979248047,433.4474182128906,96.13699340820312,134.94442749023438,1
58,8358,7546,454.8384094238281,21.266826629638672,455.23773193359375,19.292423248291016,144.39529418945312,1
59,6284,7513,350.93927001953125,121.26737976074219,350.8460998535156,121.06916046142578,144.9241180419922,1
60,5192,11650,297.01519775390625,62.17116928100586,297.1009826660156,62.76047134399414,145.58502197265625,1
61,4059,11733,240.08753967285156,121.18846130371094,239.59967041015625,121.0377426147461,145.6914520263672,1
62,6188,7432,345.9920654296875,127.41920471191406,347.4077453613281,127.77977752685547,147.2107391357422,1
63,6018,7202,337.9737243652344,7.371738910675049,338.02899169921875,7.54247522354126,148.6606903076172,1
64,4751,5709,274.2774353027344,59.03295135498047,273.996826171875,58.08214569091797,149.92330932617188,1
65,6019,7203,337.9737243652344,7.371738910675049,338.02899169921875,7.54247522354126,151.4463653564453,1
66,5371,11414,307.4769287109375,57.10238265991211,307.6954345703125,57.8135871887207,151.8123779296875,1
67,5954,7100,334.43841552734375,11.753283500671387,334.1673583984375,11.53921127319336,152.53851318359375,1
68,11275,8976,629.443115234375,121.01776123046875,628.55322265625,119.83417510986328,66.55073547363281,1
69,10792,5044,586.1484375,71.38245391845703,585.5050048828125,71.33306884765625,84.95881652832031,1
70,10533,3616,653.0122680664062,14.858327865600586,652.8606567382812,14.800027847290039,90.61457061767578,1
71,8665,10383,472.7753601074219,29.453107833862305,473.1363525390625,27.978429794311523,91.43850708007812,1
72,10462,5385,569.4932250976562,60.28302001953125,570.0031127929688,60.92267608642578,93.17188262939453,1
73,9733,3152,676.8341674804688,79.0704116821289,676.1456298828125,78.84114837646484,96.06768798828125,1
74,10463,5379,569.4932250976562,60.28302001953125,570.0031127929688,60.92267608642578,99.0,1
75,9670,3121,678.0553588867188,43.4278678894043,677.8342895507812,43.687313079833984,105.20455932617188,1
76,8815,10564,481.8598937988281,61.31376266479492,481.95916748046875,61.4345703125,106.0613021850586,1
77,10421,12997,655.6726684570312,46.52284240722656,655.421630859375,46.94515609741211,106.63957977294922,1
78,10094,5793,549.643310546875,35.954681396484375,549.4619140625,36.07279586791992,109.26115417480469,1
79,8433,10122,459.62823486328125,58.56728744506836,460.33355712890625,59.63923645019531,110.081787109375,1
80,10692,5172,580.7711181640625,55.546043395996094,580.5343017578125,55.441104888916016,114.58621215820312,1
81,8527,10218,465.42266845703125,47.39664840698242,465.2689208984375,46.72856140136719,117.52871704101562,1
82,10802,5019,586.4989624023438,58.64043426513672,586.2822875976562,58.52228546142578,118.2708740234375,1
83,10774,3748,645.4208374023438,18.924072265625,646.0956420898438,21.45073699951172,120.258056640625,1
84,8431,7465,459.5296325683594,108.31974029541016,459.6341857910156,108.34386444091797,123.29639434814453,1
85,11020,11131,597.3933715820312,69.00009155273438,597.9879150390625,69.82665252685547,123.3936767578125,1
86,10584,5276,575.548828125,47.70335006713867,575.5281982421875,47.42122268676758,123.89108276367188,1
87,10801,5020,586.4989624023438,58.64043426513672,586.2822875976562,58.52228546142578,130.6598663330078,1
88,11471,9622,620.292236328125,118.54442596435547,619.9039306640625,118.50791931152344,136.69674682617188,1
89,8530,7368,465.5196838378906,60.94335174560547,465.68853759765625,61.56614685058594,137.14590454101562,1
90,8712,10427,475.70843505859375,69.14107513427734,475.3883056640625,68.27755737304688,137.51364135742188,1
91,9372,6607,511.2112121582031,124.87483215332031,511.5448913574219,125.080810546875,139.12225341796875,1
92,9608,11528,523.8658447265625,26.40217399597168,523.7689208984375,26.5109806060791,142.87057495117188,1
93,9882,11908,538.6260375976562,15.832321166992188,539.9057006835938,17.0704402923584,143.14328002929688,1
94,10571,5289,574.8036499023438,57.293052673339844,574.305419921875,57.16483688354492,147.68209838867188,1
95,10788,5046,585.9498901367188,34.997188568115234,585.4033813476562,34.441566467285156,149.505859375,1
96,10807,3828,644.3309936523438,5.336436748504639,643.9706420898438,5.882755756378174,149.6328887939453,1
97,10904,4906,591.6563110351562,49.03072738647461,591.398193359375,48.87710189819336,152.05262756347656,1
98,8851,10601,483.7883605957031,108.77189636230469,483.5777587890625,108.9574966430664,153.68148803710938,1
99,10669,5189,579.5362548828125,47.778873443603516,579.5311279296875,47.767852783203125,153.76280212402344,1
100,10890,11743,590.8199462890625,74.2486801147461,590.0342407226562,73.52698516845703,160.03749084472656,1
101,9687,6220,527.935791015625,18.787282943725586,527.8568115234375,18.812162399291992,166.14451599121094,1
102,8526,10212,465.41961669921875,99.55128479003906,465.1387939453125,98.93807983398438,168.70980834960938,1
103,10599,3632,732.837158203125,20.468746185302734,732.8235473632812,19.805221557617188,60.55575942993164,1
104,10772,3649,733.5354614257812,38.399314880371094,733.4943237304688,38.10163879394531,74.1080322265625,1
105,6688,7473,884.0328979492188,25.198741912841797,884.262939453125,24.547224044799805,77.05193328857422,1
106,7870,6714,838.7225341796875,110.3762435913086,838.6561889648438,110.3487319946289,81.3449478149414,1
107,7663,10950,846.5903930664062,16.188016891479492,846.6476440429688,16.807395935058594,81.44322967529297,1
108,6946,7267,874.2546997070312,26.23895263671875,874.5062255859375,27.543468475341797,84.48076629638672,1
109,8281,6294,824.5252685546875,94.92352294921875,824.5140380859375,95.69676208496094,90.71383666992188,1
110,6529,9931,892.189453125,27.596845626831055,892.7332153320312,28.53643798828125,93.28987121582031,1
111,6698,7463,883.925537109375,104.90264892578125,883.7281494140625,104.18108367919922,98.2853012084961,1
112,8286,6291,824.5252685546875,94.92352294921875,824.5140380859375,95.69676208496094,99.34786987304688,1
113,1740,5959,812.8935546875,97.00820922851562,813.0308227539062,96.977294921875,101.05938720703125,1
114,6503,7643,893.6373291015625,17.711416244506836,893.3921508789062,19.081390380859375,101.6513671875,1
115,3144,12200,804.0311889648438,101.31922912597656,804.9087524414062,101.88138580322266,103.94710540771484,1
116,7466,10821,852.0376586914062,36.20778274536133,851.6571655273438,36.374488830566406,108.62319946289062,1
117,6262,9610,901.2213745117188,100.4976806640625,901.075927734375,100.39881896972656,112.964599609375,1
118,7661,10949,846.5903930664062,16.188016891479492,846.6476440429688,16.807395935058594,113.96929168701172,1
119,10387,4143,748.9515380859375,53.96377182006836,749.14501953125,53.908382415771484,117.69451904296875,1
120,7869,6715,838.7225341796875,110.3762435913086,838.6561889648438,110.3487319946289,119.08820343017578,1
121,11089,3888,741.341064453125,126.24050903320312,741.0687255859375,126.49604797363281,119.54078674316406,1
122,10595,4056,746.9952392578125,17.786334991455078,746.633544921875,17.202293395996094,120.6689682006836,1
123,8148,11325,829.473388671875,122.78456115722656,829.6337280273438,122.95277404785156,122.47856903076172,1
124,8461,4689,767.3244018554688,117.6376953125,767.2515869140625,117.75830841064453,125.31560516357422,1
125,11016,3912,742.2666015625,44.57231521606445,741.401123046875,43.01154327392578,131.21737670898438,1
126,8107,11309,830.7924194335938,83.22025299072266,830.496826171875,81.90615844726562,132.40846252441406,1
127,9825,4325,753.7752685546875,8.347799301147461,754.12060546875,6.894997596740723,133.66001892089844,1
128,6844,10268,877.8818359375,98.09711456298828,877.4304809570312,97.5708999633789,133.79087829589844,1
129,8103,11290,830.8255004882812,102.90774536132812,830.984130859375,102.9493408203125,136.57965087890625,1
130,9800,9544,754.0866088867188,119.01667022705078,753.6836547851562,119.2022705078125,137.2151641845703,1
131,11201,12853,735.3141479492188,51.297760009765625,735.1106567382812,50.847801208496094,138.60374450683594,1
132,6525,9967,892.5283813476562,108.71343231201172,891.9418334960938,109.59272003173828,138.9892120361328,1
133,7971,4794,773.2303466796875,58.10605239868164,772.875244140625,58.47216796875,150.9105682373047,1
134,8701,2786,710.2369995117188,109.99939727783203,709.6294555664062,109.39292907714844,159.94686889648438,1
135,4825,5476,795.7532348632812,104.91893005371094,795.3156127929688,104.80675506591797,160.5926513671875,1
136,5519,5375,791.9513549804688,102.1709213256836,791.7977294921875,102.05781555175781,163.52674865722656,1
137,7791,11047,842.85107421875,72.20340728759766,842.1696166992188,72.07588195800781,164.77256774902344,1
138,793,8737,1096.2237548828125,104.93455505371094,1095.9483642578125,102.23417663574219,92.53107452392578,1
139,252,3319,1123.720947265625,117.05671691894531,1123.0419921875,116.23795318603516,101.43470764160156,1
140,1437,4648,1072.877197265625,122.49871826171875,1072.8577880859375,123.20463562011719,102.56217956542969,1
141,2483,5808,1036.9283447265625,78.19377136230469,1036.76318359375,77.75210571289062,116.07756042480469,1
142,9,2886,1138.1995849609375,75.96162414550781,1138.0517578125,76.19953918457031,116.94015502929688,1
143,5082,976,939.4393310546875,100.18746185302734,939.4381103515625,100.84925079345703,118.91593933105469,1
144,432,12994,1115.3785400390625,32.105072021484375,1115.6719970703125,31.963417053222656,120.30377960205078,1
145,4073,9946,973.4496459960938,53.921287536621094,973.50244140625,52.204200744628906,120.47821044921875,1
146,3950,9978,976.4259033203125,124.53689575195312,974.8182373046875,124.18479919433594,120.97520446777344,1
147,5077,970,939.4393310546875,100.18746185302734,939.4381103515625,100.84925079345703,121.83595275878906,1
148,4684,9209,954.6397705078125,59.75466537475586,954.9664306640625,58.76593780517578,122.3233413696289,1
149,165,3130,1129.566162109375,47.65253829956055,1129.3739013671875,46.7952995300293,123.98789978027344,1
150,5449,759,929.6104125976562,108.63147735595703,929.5989990234375,108.1792221069336,126.18241119384766,1
151,3527,7021,996.682861328125,15.469046592712402,996.3606567382812,16.942699432373047,126.52667999267578,1
152,430,3584,1115.4483642578125,82.67679595947266,1115.578369140625,82.23885345458984,128.67788696289062,1
153,402,13032,1117.232177734375,103.42182922363281,1116.885498046875,103.2881851196289,129.96153259277344,1
154,1728,5052,1059.773193359375,83.42996978759766,1059.4564208984375,83.2156982421875,130.27662658691406,1
155,47,13487,1134.99072265625,84.31314849853516,1134.014892578125,84.43412780761719,130.5679931640625,1
156,1409,4628,1074.194091796875,105.83277893066406,1074.1898193359375,105.27083587646484,135.628173828125,1
157,4077,9898,973.1115112304688,43.543758392333984,972.7244262695312,43.74959182739258,137.4554443359375,1
158,1260,4506,1079.2869873046875,117.54371643066406,1079.2344970703125,117.18639373779297,138.93524169921875,1
159,251,3314,1123.720947265625,117.05671691894531,1123.0419921875,116.23795318603516,140.1962890625,1
160,3168,11243,1010.0838623046875,32.510467529296875,1010.1057739257812,30.744598388671875,141.68980407714844,1
161,4359,7925,965.1373901367188,101.6300048828125,965.2301635742188,101.55812072753906,142.68496704101562,1
162,740,8322,1100.8695068359375,80.39142608642578,1100.3382568359375,80.45152282714844,145.81495666503906,1
163,3701,10397,989.1039428710938,48.59360885620117,989.2942504882812,48.790306091308594,146.4650115966797,1
164,4560,31,959.6228637695312,67.6852798461914,959.5510864257812,68.33274841308594,147.74978637695312,1
165,1995,5315,1051.4403076171875,50.49751281738281,1052.03857421875,50.25284957885742,155.00645446777344,1
166,3416,10864,1001.70458984375,127.43942260742188,1002.0924072265625,127.88258361816406,155.6374053955078,1
167,2128,12574,1047.711669921875,122.00366973876953,1047.906982421875,122.44890594482422,157.25775146484375,1
168,3228,6732,1008.0845947265625,29.697093963623047,1007.9981689453125,29.68950653076172,158.28456115722656,1
169,11541,13704,1144.412841796875,116.03583526611328,1144.2384033203125,115.698486328125,159.5775604248047,1
170,2816,11610,1025.4732666015625,97.26028442382812,1024.478271484375,96.79658508300781,160.20924377441406,1
171,1761,5098,1058.7930908203125,123.60469055175781,1058.214599609375,124.17938232421875,161.75289916992188,1
172,1177,4398,1082.35107421875,121.98689270019531,1082.6893310546875,121.5560073852539,164.82717895507812,1
173,12697,14275,1293.8480224609375,24.34391212463379,1293.5380859375,24.494680404663086,64.75337982177734,1
174,12832,1919,1307.21826171875,108.60372924804688,1307.247802734375,108.5982894897461,97.74967956542969,1
175,12232,8093,1241.6971435546875,124.48896026611328,1241.8756103515625,122.06182098388672,104.3455810546875,1
176,12392,13989,1259.2117919921875,10.068794250488281,1259.300048828125,10.475625038146973,107.54998779296875,1
177,12557,2210,1280.19140625,26.727994918823242,1280.44482421875,27.809431076049805,114.67781066894531,1
178,11830,14488,1182.4263916015625,103.04459381103516,1182.9246826171875,102.87765502929688,117.63502502441406,1
179,11566,2664,1148.13720703125,85.30846405029297,1147.1075439453125,85.02255249023438,120.25389862060547,1
180,12433,2338,1264.7130126953125,5.723984718322754,1264.6173095703125,5.981863021850586,127.4754867553711,1
181,11956,1101,1201.731689453125,55.069881439208984,1201.037841796875,55.61028289794922,130.44921875,1
182,13631,14451,1310.3394775390625,90.85688018798828,1311.2470703125,94.06067657470703,130.9083709716797,1
183,13073,1599,1331.353271484375,18.183534622192383,1331.2525634765625,18.16575050354004,137.15684509277344,1
184,12405,2395,1260.4879150390625,35.43915939331055,1260.05322265625,35.43436050415039,144.62364196777344,1
185,12823,1932,1306.7730712890625,24.444852828979492,1306.6280517578125,24.723167419433594,146.34547424316406,1
186,12777,14360,1302.0458984375,111.4625244140625,1302.08935546875,111.54977416992188,152.32859802246094,1
187,12748,2022,1299.6280517578125,76.25208282470703,1298.6275634765625,77.14507293701172,158.0917510986328,1
188,14824,10398,1242.579833984375,53.103641510009766,1243.437255859375,52.19025421142578,158.142333984375,1
189,13074,1594,1331.353271484375,18.183534622192383,1331.2525634765625,18.16575050354004,160.25604248046875,1
190,11670,14028,1162.0008544921875,29.118024826049805,1162.321044921875,29.167875289916992,160.48675537109375,1
191,12912,1785,1318.5382080078125,27.696399688720703,1318.0482177734375,27.513652801513672,160.611328125,1
192,12876,1838,1314.0794677734375,69.65760040283203,1313.2679443359375,69.29772186279297,162.0617218017578,1
193,12774,1971,1302.0184326171875,100.54446411132812,1302.8013916015625,101.95932006835938,164.42019653320312,1
194,12972,1733,1323.9686279296875,71.68059539794922,1322.8984375,71.2140884399414,165.27854919433594,1
195,12079,8403,1221.1121826171875,7.16933536529541,1219.9287109375,7.946351528167725,165.89755249023438,1
196,12853,14421,1310.1746826171875,64.82571411132812,1308.109375,65.93718719482422,168.3419189453125,1
197,12168,8207,1233.021484375,26.180543899536133,1233.103759765625,25.865434646606445,168.52003479003906,1
198,12198,172,1236.35888671875,49.89055252075195,1237.572265625,48.06476593017578,169.3546600341797,1
199,12906,14501,1318.21142578125,10.254175186157227,1318.125244140625,10.2064790725708,170.51979064941406,1
200,13710,13941,1254.165283203125,51.157894134521484,1254.17041015625,50.671207427978516,170.6516876220703,1
201,12875,1839,1314.0794677734375,69.65760040283203,1313.2679443359375,69.29772186279297,170.6575469970703,1
202,12870,1830,1313.80419921875,83.20770263671875,1313.4365234375,83.21003723144531,173.0086669921875,1
203,12469,14058,1268.629150390625,40.46705627441406,1268.29736328125,41.11064529418945,175.4023895263672,1
204,11933,1200,1198.2025146484375,66.8039321899414,1198.1689453125,66.24229431152344,176.18455505371094,1
205,12776,14359,1302.0458984375,111.4625244140625,1302.08935546875,111.54977416992188,177.1044921875,1
206,11721,2216,1167.662353515625,25.700193405151367,1166.9696044921875,25.207040786743164,183.1638641357422,1
207,12416,2370,1261.62109375,30.95591163635254,1261.3497314453125,31.290363311767578,183.85592651367188,1
208,3420,4191,202.82635498046875,183.64093017578125,202.49404907226562,182.3389434814453,89.17398834228516,1
209,3718,4519,219.71206665039062,233.80799865722656,219.09835815429688,231.93324279785156,92.56889343261719,1
210,3717,4518,219.71206665039062,233.80799865722656,219.09835815429688,231.93324279785156,94.25497436523438,1
211,351,509,28.871530532836914,143.0215606689453,28.64743423461914,143.06890869140625,98.10708618164062,1
212,486,8478,37.86874008178711,158.5985870361328,38.106868743896484,159.4538116455078,99.38813018798828,1
213,534,747,40.63458251953125,220.09217834472656,40.49626159667969,219.99093627929688,102.72779846191406,1
214,328,473,27.0500545501709,151.21664428710938,26.836421966552734,151.39024353027344,104.0672836303711,1
215,2447,13483,148.92564392089844,221.02023315429688,148.90113830566406,221.61978149414062,110.6209716796875,1
216,768,1032,54.36064910888672,211.17784118652344,53.686607360839844,210.59066772460938,111.17103576660156,1
217,2408,2963,146.5825958251953,186.7118377685547,146.00350952148438,187.30836486816406,114.83030700683594,1
218,2724,3343,162.8183135986328,232.19619750976562,163.6078338623047,230.55088806152344,115.61141967773438,1
219,2755,3365,164.8486785888672,199.59259033203125,164.7364959716797,199.51177978515625,118.4145278930664,1
220,2479,3037,150.6046142578125,246.9396514892578,149.788330078125,248.43589782714844,120.44500732421875,1
221,364,525,29.444372177124023,216.09207153320312,29.45041847229004,216.58497619628906,124.59935760498047,1
222,2654,3242,159.3871612548828,204.46473693847656,159.3560028076172,204.83355712890625,125.7099838256836,1
223,2763,3373,165.37826538085938,190.939697265625,164.9530487060547,190.9663543701172,126.88577270507812,1
224,2764,3374,165.37826538085938,190.939697265625,164.9530487060547,190.9663543701172,129.33290100097656,1
225,3020,3698,178.2602996826172,226.48471069335938,179.2709197998047,227.80691528320312,131.06105041503906,1
226,474,661,36.83081817626953,224.01358032226562,36.39304733276367,223.49195861816406,131.14495849609375,1
227,359,511,29.29363441467285,175.67901611328125,28.702659606933594,175.50186157226562,131.17164611816406,1
228,526,716,40.0234375,247.97210693359375,39.182090759277344,247.27127075195312,138.7083282470703,1
229,363,8361,29.430450439453125,196.73867797851562,28.281526565551758,195.95156860351562,143.1467742919922,1
230,522,733,39.74760437011719,130.60504150390625,39.91628646850586,130.1106414794922,143.2445526123047,1
231,1134,1480,77.25794219970703,240.28147888183594,77.47555541992188,240.39076232910156,143.73239135742188,1
232,2519,3081,151.97116088867188,231.94076538085938,152.02989196777344,231.3992919921875,145.6983184814453,1
233,3640,4462,216.37661743164062,178.71604919433594,216.62139892578125,178.0404815673828,145.7292022705078,1
234,352,510,28.871530532836914,143.0215606689453,28.64743423461914,143.06890869140625,147.5771026611328,1
235,2653,3241,159.3871612548828,204.46473693847656,159.3560028076172,204.83355712890625,148.38462829589844,1
236,435,615,34.1916618347168,139.12478637695312,33.8151969909668,140.18954467773438,148.88250732421875,1
237,404,584,31.83158302307129,227.80374145507812,32.18205642700195,228.591064453125,150.4858856201172,1
238,2541,3097,153.2377471923828,136.051025390625,152.51766967773438,134.6996307373047,154.03895568847656,1
239,2265,2806,139.07688903808594,230.90768432617188,138.75669860839844,230.525390625,157.13052368164062,1
240,2952,3591,174.37289428710938,188.9038848876953,174.22137451171875,188.41543579101562,157.33721923828125,1
241,2099,13787,129.7912139892578,247.82916259765625,130.7552947998047,247.6905517578125,161.41561889648438,1
242,3646,4453,216.53585815429688,158.3560791015625,216.28173828125,158.30088806152344,162.04319763183594,1
243,5991,7158,336.8365478515625,141.3569793701172,336.5201110839844,141.65086364746094,86.29020690917969,1
244,6394,7630,356.7118835449219,165.80691528320312,356.7642822265625,165.85186767578125,105.22357177734375,1
245,5851,6990,329.99542236328125,155.3472900390625,329.5648193359375,155.24501037597656,110.0772476196289,1
246,5726,6826,323.50982666015625,134.43704223632812,323.2111511230469,133.34385681152344,120.17487335205078,1
247,5514,11295,313.984375,208.51593017578125,313.28045654296875,207.80064392089844,125.5826416015625,1
248,5565,11269,316.16217041015625,229.3699188232422,314.24517822265625,229.44178771972656,132.11737060546875,1
249,5337,6377,305.7513427734375,188.71324157714844,305.0359191894531,187.44647216796875,138.48826599121094,1
250,6923,284,381.6468505859375,180.6582489013672,381.554443359375,180.7189178466797,139.02877807617188,1
251,5122,6124,293.2919616699219,157.76539611816406,292.8296203613281,157.50119018554688,141.38600158691406,1
252,7372,1040,402.7006530761719,195.4917755126953,402.3423156738281,195.99002075195312,141.76388549804688,1
253,6697,7961,370.9136047363281,146.43589782714844,370.1640930175781,145.74349975585938,143.9583282470703,1
254,5236,11611,299.3292236328125,247.69667053222656,298.8799133300781,247.71510314941406,144.2081756591797,1
255,8180,9799,445.85076904296875,130.0790557861328,445.9806213378906,130.8990020751953,145.17919921875,1
256,4749,12235,274.1274719238281,163.62222290039062,273.84442138671875,163.23468017578125,147.82421875,1
257,5302,6340,304.0423278808594,143.8819122314453,303.3282165527344,143.35498046875,150.91387939453125,1
258,7657,9163,418.13861083984375,153.37875366210938,418.0862121582031,152.2391357421875,151.5123748779297,1
259,5894,7049,332.098876953125,229.48681640625,332.03741455078125,229.3196258544922,152.44671630859375,1
260,5645,6738,319.9986877441406,183.9418487548828,319.8504943847656,184.2995147705078,154.76756286621094,1
261,7496,734,409.9146728515625,173.58840942382812,409.75885009765625,174.1310577392578,155.4541778564453,1
262,7712,295,421.31512451171875,131.10848999023438,421.3717041015625,130.92520141601562,155.99038696289062,1
263,5355,6427,306.864013671875,231.02981567382812,306.6651306152344,230.683837890625,157.9366912841797,1
264,5466,11318,311.7210693359375,173.4011993408203,312.0204162597656,174.07858276367188,158.2687530517578,1
265,7166,866,393.5442810058594,192.91873168945312,393.342041015625,192.7672576904297,158.84898376464844,1
266,3982,11446,235.76351928710938,133.50743103027344,235.5795440673828,133.5875701904297,161.51161193847656,1
267,4880,12063,280.2266845703125,221.2473907470703,280.2608337402344,220.9275665283203,161.96295166015625,1
268,4160,5080,245.61007690429688,222.18211364746094,246.00180053710938,222.9942626953125,162.23748779296875,1
269,5427,11348,310.0904235839844,148.22567749023438,310.4560241699219,148.13140869140625,166.1776123046875,1
270,6563,7826,364.7728576660156,172.57493591308594,365.0662536621094,172.7860870361328,166.43016052246094,1
271,6014,7237,337.8837890625,131.47344970703125,339.2059326171875,131.85301208496094,170.1646270751953,1
272,6239,7467,349.050537109375,181.8404998779297,349.2204284667969,181.39080810546875,172.8178253173828,1
273,7390,979,403.5587158203125,209.4127960205078,403.5143737792969,209.65966796875,174.34161376953125,1
274,3954,4836,234.47496032714844,256.0754699707031,234.0889434814453,254.7183380126953,175.40809631347656,1
275,5088,6080,291.1747131347656,251.54364013671875,290.5562744140625,251.47824096679688,175.56765747070312,1
276,6280,7511,350.72509765625,249.71878051757812,350.78106689453125,249.02708435058594,177.5133819580078,1
277,7053,580,387.98504638671875,195.57000732421875,387.7574768066406,195.31173706054688,177.5950469970703,1
278,10576,5280,575.0699462890625,219.0817413330078,574.8817749023438,219.52810668945312,91.4494400024414,1
279,10237,12318,557.8113403320312,190.53807067871094,558.0768432617188,192.01780700683594,96.33275604248047,1
280,9915,5977,540.3789672851562,177.1209259033203,540.0250854492188,176.4196014404297,100.06997680664062,1
281,9528,6423,519.4313354492188,157.2321014404297,518.93115234375,157.08583068847656,100.32946014404297,1
282,9928,3234,671.6417846679688,205.8772735595703,671.65869140625,205.10511779785156,100.50870513916016,1
283,11409,4385,616.6009521484375,184.83413696289062,616.5360107421875,184.85037231445312,102.48414611816406,1
284,9387,6585,513.2114868164062,178.60745239257812,512.8690185546875,178.5386505126953,102.8299560546875,1
285,11285,4549,609.6923828125,182.56983947753906,609.5545043945312,182.75167846679688,103.30537414550781,1
286,9595,3053,679.6212768554688,228.9236297607422,680.508544921875,230.35079956054688,111.3058853149414,1
287,8591,7302,469.0286560058594,135.43190002441406,468.9871826171875,135.59649658203125,114.32410430908203,1
288,9661,3118,678.1377563476562,216.0263214111328,677.9498291015625,216.2046356201172,115.25189971923828,1
289,10969,3904,639.8029174804688,220.9635009765625,640.0585327148438,220.9707794189453,115.63736724853516,1
290,9402,2972,685.24609375,214.7275390625,684.977294921875,216.22064208984375,116.71760559082031,1
291,9581,6344,522.0582885742188,161.69737243652344,522.1765747070312,162.02679443359375,117.75822448730469,1
292,9159,6814,499.95172119140625,170.3219451904297,500.0203552246094,169.91961669921875,120.17487335205078,1
293,11041,4767,598.1411743164062,253.53163146972656,597.6718139648438,253.18170166015625,120.17903137207031,1
294,9435,6532,514.8854370117188,168.07342529296875,514.3994750976562,167.3733367919922,121.26829528808594,1
295,8713,7178,475.771728515625,132.87246704101562,475.6829528808594,133.32086181640625,122.27837371826172,1
296,10622,5257,577.529541015625,229.11631774902344,576.8483276367188,227.56640625,123.2598876953125,1
297,9594,3052,679.6212768554688,228.9236297607422,680.508544921875,230.35079956054688,123.60420989990234,1
298,10948,3902,640.618408203125,206.1935577392578,640.0916137695312,206.1987762451172,125.50299072265625,1
299,10282,5606,559.9266357421875,132.95309448242188,560.20849609375,132.6575469970703,127.69886779785156,1
300,9458,6498,516.0945434570312,159.58505249023438,515.957275390625,159.53524780273438,129.88072204589844,1
301,11284,4555,609.6875610351562,175.4298858642578,609.3876953125,175.92745971679688,130.6904754638672,1
302,11088,4712,600.0521850585938,179.7598876953125,599.6996459960938,179.1699676513672,130.7478485107422,1
303,9676,6237,527.0892333984375,161.04513549804688,526.8723754882812,160.5099639892578,131.41537475585938,1
304,11278,4115,629.3516235351562,241.02932739257812,629.0274047851562,240.8936767578125,133.09019470214844,1
305,10502,5328,571.3151245117188,190.11181640625,572.4839477539062,191.76437377929688,134.60684204101562,1
306,10971,4842,594.75146484375,256.60198974609375,594.1591796875,255.6072540283203,135.8528594970703,1
307,11331,4489,612.1218872070312,213.23968505859375,611.5521240234375,212.1423797607422,138.71914672851562,1
308,8537,7353,465.9858703613281,140.32232666015625,466.3436584472656,140.95068359375,139.19410705566406,1
309,8484,7408,462.4022521972656,142.88748168945312,462.5268859863281,143.30426025390625,142.08448791503906,1
310,8843,7071,483.0686950683594,136.51060485839844,482.6980285644531,136.7141876220703,142.2357177734375,1
311,9667,6228,526.6759643554688,178.70790100097656,527.209716796875,179.52532958984375,146.92855834960938,1
312,9533,6385,519.533935546875,164.39230346679688,519.70166015625,164.88296508789062,147.8749542236328,1
313,7379,10724,856.1438598632812,159.78968811035156,856.3267822265625,160.4447784423828,85.67379760742188,1
314,5958,162,911.4397583007812,141.6873779296875,911.5435180664062,141.70606994628906,87.48143005371094,1
315,6537,7595,891.6289672851562,215.57952880859375,892.2327270507812,216.2086944580078,103.74488067626953,1
316,8792,2691,706.7953491210938,160.4663848876953,707.1390380859375,160.84825134277344,105.76861572265625,1
317,9055,2712,695.9210815429688,222.427490234375,695.3087768554688,221.09194946289062,105.89617919921875,1
318,7993,4779,772.4852294921875,192.57684326171875,772.3093872070312,191.892822265625,106.49413299560547,1
319,8313,3285,722.9949340820312,150.74917602539062,722.2123413085938,150.79150390625,107.9027328491211,1
320,10646,3638,732.964111328125,199.5436553955078,733.0836181640625,198.8927459716797,111.38671112060547,1
321,7512,6893,850.293212890625,147.15756225585938,850.3963012695312,147.15977478027344,114.35908508300781,1
322,8881,2569,703.5711059570312,245.31988525390625,703.3598022460938,245.40220642089844,114.58184814453125,1
323,7973,4801,773.0960083007812,182.34078979492188,773.0374755859375,182.1417999267578,115.63736724853516,1
324,5854,5329,790.564208984375,149.54881286621094,790.4386596679688,149.48716735839844,117.60527038574219,1
325,6007,147,910.0056762695312,191.65541076660156,910.3176879882812,192.02003479003906,118.64653015136719,1
326,7826,6750,840.61962890625,133.21188354492188,840.6160888671875,132.93594360351562,118.80656433105469,1
327,6601,7534,888.3870239257812,209.2495574951172,890.0921630859375,210.3477020263672,119.87493133544922,1
328,7331,10673,857.4309692382812,180.29052734375,858.4210815429688,179.5539093017578,123.60015869140625,1
329,7072,10474,870.099609375,145.07662963867188,868.7338256835938,144.69009399414062,123.71337890625,1
330,5794,320,916.520751953125,203.11024475097656,916.2786865234375,203.06568908691406,126.79905700683594,1
331,7103,12268,782.2349853515625,192.0943145751953,781.966796875,191.88711547851562,127.04329681396484,1
332,9216,2847,690.3020629882812,222.21591186523438,689.9863891601562,221.72279357910156,129.29811096191406,1
333,11157,3876,740.677734375,154.94729614257812,740.6400756835938,154.66390991210938,130.5718231201172,1
334,6258,7952,901.37939453125,191.5531463623047,901.3902587890625,191.57603454589844,131.83322143554688,1
335,5918,240,912.7340087890625,187.66189575195312,913.67578125,188.6381072998047,132.7026824951172,1
336,3468,5643,801.8981323242188,223.29127502441406,801.7694702148438,222.44163513183594,134.67739868164062,1
337,6556,5236,786.0538330078125,189.65573120117188,786.075439453125,189.51416015625,137.73162841796875,1
338,2237,12061,809.7816772460938,162.0955047607422,809.929443359375,160.6066436767578,137.96014404296875,1
339,7065,12381,782.7745361328125,182.86248779296875,782.7988891601562,182.4168243408203,138.773193359375,1
340,8667,2867,712.236328125,195.4751739501953,711.539306640625,195.18995666503906,139.2156524658203,1
341,7621,6829,847.4545288085938,136.80690002441406,847.4059448242188,136.3616485595703,140.417236328125,1
342,8614,3382,724.9384765625,192.84231567382812,724.811279296875,192.92100524902344,146.01712036132812,1
343,9628,4358,756.30517578125,138.9814453125,756.2803955078125,138.70809936523438,148.1654510498047,1
344,8947,2613,701.0694580078125,185.9065704345703,700.3119506835938,187.8968048095703,148.75146484375,1
345,216,6249,822.1356201171875,164.47198486328125,822.4440307617188,165.2303466796875,149.12745666503906,1
346,8685,2885,711.4803466796875,167.4765167236328,711.8853149414062,167.982421875,150.5689239501953,1
347,8699,4596,764.1187133789062,182.79534912109375,763.7694091796875,183.31944274902344,150.63531494140625,1
348,11557,2692,1146.578369140625,140.41778564453125,1146.33251953125,139.99777221679688,42.69660568237305,1
349,5563,9013,925.2861938476562,169.0944061279297,925.1825561523438,168.62020874023438,77.29812622070312,1
350,672,12754,1103.9676513671875,166.57894897460938,1104.962646484375,164.51449584960938,81.06787109375,1
351,46,2959,1135.057861328125,166.58958435058594,1134.89599609375,166.57395935058594,90.16096496582031,1
352,5661,530,922.00439453125,194.92547607421875,921.7807006835938,195.1341094970703,99.04544067382812,1
353,826,4120,1093.65771484375,223.93460083007812,1093.380859375,224.48849487304688,99.48869323730469,1
354,4096,7728,972.581787109375,237.85108947753906,971.3239135742188,235.1688232421875,100.01499938964844,1
355,2904,11492,1021.3475952148438,180.7815704345703,1020.8692016601562,180.63853454589844,100.25467681884766,1
356,3339,6851,1004.5127563476562,156.50027465820312,1004.159423828125,156.20860290527344,106.00942993164062,1
357,5421,796,930.0975341796875,182.37448120117188,930.3841552734375,183.17779541015625,111.7944564819336,1
358,3510,6993,997.7899169921875,218.64675903320312,997.5902709960938,218.41481018066406,117.4010238647461,1
359,5802,347,916.421142578125,165.50735473632812,917.6490478515625,168.02000427246094,118.04660034179688,1
360,3688,10410,989.3326416015625,226.04527282714844,989.338623046875,224.99459838867188,120.05415344238281,1
361,204,13346,1126.539794921875,165.02813720703125,1127.521484375,163.88035583496094,121.01239776611328,1
362,3649,7141,991.7415161132812,218.55419921875,991.740478515625,217.59922790527344,122.7762222290039,1
363,3156,6615,1010.5379638671875,236.75735473632812,1010.26025390625,237.05455017089844,123.36125946044922,1
364,2168,12477,1046.0606689453125,237.3188018798828,1045.766357421875,236.78878784179688,124.24974822998047,1
365,3643,7137,991.7415161132812,218.55419921875,991.740478515625,217.59922790527344,125.13192749023438,1
366,4682,9210,954.738037109375,234.13259887695312,955.039306640625,234.36732482910156,125.28766632080078,1
367,504,12852,1111.3724365234375,163.23532104492188,1111.4437255859375,162.71157836914062,130.19216918945312,1
368,1457,4685,1071.1710205078125,131.01190185546875,1070.9105224609375,130.7953643798828,130.37254333496094,1
369,2994,6412,1018.0667114257812,187.1932830810547,1017.9410400390625,186.92324829101562,130.4147186279297,1
370,1268,9746,1079.148193359375,158.6560516357422,1085.1275634765625,150.99667358398438,132.0681610107422,0
371,524,12848,1110.4144287109375,148.83326721191406,1110.8414306640625,148.8082275390625,132.8946990966797,1
372,3927,7439,977.8836669921875,138.42440795898438,979.1743774414062,137.72296142578125,133.214111328125,1
373,3782,10278,984.2941284179688,130.60226440429688,983.5094604492188,130.3904571533203,135.96690368652344,1
374,4800,513,950.9031372070312,238.42384338378906,950.6286010742188,238.3273468017578,137.24066162109375,1
375,5579,596,924.7111206054688,129.94155883789062,924.024658203125,129.2389373779297,142.2462615966797,1
376,1589,4789,1065.8212890625,229.19110107421875,1066.4915771484375,228.63287353515625,142.98251342773438,1
377,5420,758,930.314208984375,152.9349822998047,929.3917846679688,152.46678161621094,146.03082275390625,1
378,3346,6850,1004.2542724609375,221.2707061767578,1004.2048950195312,221.72669982910156,146.4411163330078,1
379,2011,5361,1050.8177490234375,217.0694580078125,1050.8250732421875,217.0400390625,148.2059326171875,1
380,2996,6413,1018.0667114257812,187.1932830810547,1017.9410400390625,186.92324829101562,148.80523681640625,1
381,11517,13634,1141.485595703125,173.07391357421875,1140.1080322265625,173.8298797607422,148.89593505859375,1
382,3785,10277,983.8350219726562,246.2088165283203,983.4114990234375,245.40847778320312,150.066650390625,1
383,12719,2074,1295.608642578125,168.2804412841797,1294.183837890625,167.8383026123047,122.1883773803711,1
384,12975,1730,1324.3114013671875,252.56192016601562,1323.2623291015625,252.2139434814453,130.7669677734375,1
385,11826,1852,1182.1915283203125,193.02874755859375,1182.0872802734375,192.9843292236328,131.87493896484375,1
386,12937,14525,1321.2064208984375,132.6649932861328,1320.0262451171875,130.96792602539062,135.3477020263672,1
387,13202,14744,1343.1375732421875,135.80018615722656,1343.00634765625,135.01698303222656,138.50270080566406,1
388,12792,1955,1303.9774169921875,175.5192413330078,1303.900390625,175.55068969726562,146.41038513183594,1
389,13147,1512,1337.4940185546875,138.46864318847656,1336.8685302734375,138.00868225097656,151.7399139404297,1
390,11973,8647,1204.5531005859375,184.54428100585938,1202.7662353515625,181.77932739257812,152.95423889160156,1
391,11804,1923,1179.790283203125,235.14700317382812,1179.4332275390625,234.9229278564453,155.04515075683594,1
392,12702,2077,1294.1683349609375,131.70126342773438,1293.908935546875,130.73681640625,159.06602478027344,1
393,12016,828,1210.0069580078125,242.2928924560547,1209.880859375,242.4827880859375,161.71580505371094,1
394,11696,2286,1164.4454345703125,218.43377685546875,1164.3187255859375,218.29356384277344,161.85487365722656,1
395,12099,463,1223.7332763671875,229.53456115722656,1223.697509765625,229.27024841308594,163.0919952392578,1
396,13368,1149,1366.1917724609375,231.6952667236328,1365.9827880859375,231.9879150390625,168.04165649414062,1
397,12058,670,1216.844970703125,234.88124084472656,1216.843505859375,234.8365936279297,168.36270141601562,1
398,12167,247,1232.655517578125,235.78858947753906,1232.5421142578125,235.3076934814453,168.60308837890625,1
399,13323,1208,1358.6253662109375,153.35752868652344,1358.146728515625,152.69573974609375,169.5435028076172,1
400,13197,1436,1342.8206787109375,143.0606231689453,1341.99169921875,143.02354431152344,172.59779357910156,1
401,11868,1719,1186.37744140625,174.70758056640625,1186.04052734375,174.70547485351562,174.52220153808594,1
402,11882,1626,1189.125,193.26699829101562,1189.17138671875,193.25904846191406,175.94317626953125,1
403,12072,606,1219.57763671875,230.2425994873047,1219.0860595703125,229.68008422851562,176.36610412597656,1
404,12281,2527,1247.14013671875,251.8616180419922,1246.6011962890625,252.111083984375,180.22763061523438,1
405,13096,1587,1332.93115234375,202.24964904785156,1332.1607666015625,201.72308349609375,189.40960693359375,1
406,3529,4334,210.1802520751953,279.8323059082031,210.33058166503906,280.19586181640625,89.4930191040039,1
407,2245,2777,138.1278839111328,266.2150573730469,137.20640563964844,266.4097900390625,94.18598937988281,1
408,3488,4282,207.79953002929688,284.9170227050781,207.68067932128906,284.5791931152344,96.11451721191406,1
409,2340,13609,142.72972106933594,264.978271484375,142.63270568847656,264.9591369628906,113.80685424804688,1
410,2923,3546,172.94430541992188,272.64471435546875,172.82156372070312,272.5354919433594,118.23281860351562,1
411,3337,4076,197.14297485351562,295.8360595703125,196.77159118652344,295.4681701660156,122.40506744384766,1
412,2830,3455,168.23622131347656,283.8223876953125,168.225830078125,284.0179138183594,124.5913314819336,1
413,3762,4591,222.2665252685547,273.2637634277344,222.1034698486328,272.8739013671875,124.97200012207031,1
414,1175,1533,79.33309173583984,358.3273620605469,80.40747833251953,356.9912109375,131.30499267578125,1
415,3593,4404,213.6785125732422,284.72296142578125,213.6361846923828,284.66497802734375,134.2832794189453,1
416,2569,3160,155.05352783203125,378.76641845703125,154.8960418701172,379.3894958496094,135.70187377929688,1
417,3382,4131,199.83493041992188,287.7210388183594,199.29681396484375,286.55145263671875,136.7845001220703,1
418,3612,4425,214.58116149902344,278.4979553222656,214.8026580810547,279.1781921386719,139.10067749023438,1
419,1266,1628,84.52337646484375,328.3360290527344,84.1783218383789,329.2789001464844,141.37892150878906,1
420,3200,8141,188.98741149902344,274.0606384277344,188.085693359375,273.842041015625,142.64991760253906,1
421,3213,8226,189.75035095214844,293.4667053222656,189.34243774414062,292.5393981933594,147.28543090820312,1
422,2467,3039,149.75779724121094,377.6538391113281,149.93052673339844,378.0588073730469,149.39210510253906,1
423,3184,3903,188.41342163085938,268.06805419921875,188.5269012451172,268.1536560058594,149.4121856689453,1
424,2750,3351,164.45423889160156,288.6535339355469,164.0568084716797,288.40631103515625,153.3590545654297,1
425,3074,12802,181.79055786132812,274.4940185546875,182.40447998046875,274.59228515625,154.40206909179688,1
426,1301,1667,86.67670440673828,364.32427978515625,86.52704620361328,364.3554382324219,155.7819061279297,1
427,1179,1505,79.64382934570312,341.7878723144531,78.85271453857422,343.13177490234375,163.4105224609375,1
428,2915,3541,172.51673889160156,266.54156494140625,172.57493591308594,266.4232482910156,164.6147003173828,1
429,2802,3432,167.28733825683594,258.9767761230469,167.48080444335938,259.2236328125,167.0478973388672,1
430,94,123,9.024002075195312,304.81768798828125,8.704282760620117,304.55609130859375,177.8594970703125,1
431,1517,1941,98.76399993896484,291.0120849609375,98.61204528808594,291.37017822265625,181.298095703125,1
432,13910,11118,229.70294189453125,329.56719970703125,229.2071990966797,330.04779052734375,182.14280700683594,1
433,2665,3256,159.77279663085938,277.52569580078125,159.94374084472656,277.5099182128906,183.21299743652344,1
434,3838,4702,227.5345916748047,290.9950866699219,227.52313232421875,290.43878173828125,185.310546875,1
435,1368,1742,90.86456298828125,325.43231201171875,90.21708679199219,326.41632080078125,186.02149963378906,1
436,1329,14567,88.57744598388672,348.4409484863281,88.59042358398438,348.04742431640625,188.25779724121094,1
437,1696,14213,108.32723999023438,285.9472351074219,107.94754028320312,285.33563232421875,190.21829223632812,1
438,3812,4655,225.7465362548828,258.9374694824219,225.3555908203125,258.8720703125,190.87429809570312,1
439,3368,4107,198.70101928710938,304.1769104003906,198.31874084472656,304.02777099609375,192.2992401123047,1
440,5012,11891,286.66717529296875,265.8621520996094,286.8866271972656,266.1478271484375,101.51354217529297,1
441,4455,12582,260.1325378417969,374.49737548828125,259.9403381347656,372.4456481933594,115.35163879394531,1
442,4655,5600,269.4603576660156,372.926513671875,269.30029296875,372.5643615722656,115.75836944580078,1
443,5267,11537,301.4947204589844,366.5705871582031,302.0932922363281,364.6632080078125,136.6052703857422,1
444,7823,132,426.8069763183594,337.1700439453125,426.5354309082031,337.515625,137.35719299316406,1
445,4934,5908,282.9246520996094,279.0593566894531,282.44757080078125,278.01031494140625,139.63165283203125,1
446,5442,6512,310.70703125,293.84075927734375,310.2801513671875,293.6302795410156,139.83204650878906,1
447,7720,310,421.6540832519531,344.1478271484375,420.95404052734375,343.1807861328125,140.73379516601562,1
448,4074,4984,241.35531616210938,321.3018798828125,241.40821838378906,320.8460693359375,144.06942749023438,1
449,7570,572,413.8232116699219,374.845703125,413.9120178222656,374.5489501953125,145.1723175048828,1
450,5392,6450,308.4900207519531,317.1208801269531,307.7296447753906,316.89215087890625,147.9324188232422,1
451,8226,7677,447.6452331542969,338.2652893066406,448.6226501464844,338.8102111816406,148.0033721923828,1
452,3932,4826,232.82701110839844,268.52569580078125,233.53970336914062,268.7989196777344,150.4858856201172,1
453,4065,4973,240.75152587890625,264.58856201171875,241.04197692871094,264.2557067871094,154.65121459960938,1
454,4198,5111,247.81210327148438,262.14532470703125,247.94671630859375,260.85882568359375,156.03524780273438,1
455,4667,5605,270.00836181640625,270.89385986328125,269.5570983886719,270.0678405761719,157.93353271484375,1
456,3970,4843,235.3206329345703,302.7718811035156,234.59605407714844,302.6470947265625,158.0917510986328,1
457,5360,6424,306.975830078125,279.9911193847656,306.59832763671875,279.0196533203125,160.281005859375,1
458,4821,5777,277.77880859375,283.41436767578125,276.97711181640625,281.5309143066406,160.3839111328125,1
459,7483,768,408.9054870605469,382.17840576171875,408.7013854980469,381.9872741699219,161.72508239746094,1
460,5155,11700,294.95318603515625,305.7410583496094,295.13751220703125,305.53436279296875,161.7745361328125,1
461,4319,5239,253.6830291748047,371.4149169921875,253.49722290039062,371.701416015625,164.006103515625,1
462,7571,558,413.8232116699219,374.845703125,413.9120178222656,374.5489501953125,164.83628845214844,1
463,7618,486,416.5089416503906,334.3061828613281,415.9449462890625,334.06903076171875,165.066650390625,1
464,7382,1010,403.3873596191406,276.6655578613281,402.8171691894531,276.3922424316406,165.22711181640625,1
465,5393,6451,308.4900207519531,317.1208801269531,307.7296447753906,316.89215087890625,165.80410766601562,1
466,4379,5309,256.7473449707031,361.3048400878906,256.2774353027344,361.6151123046875,167.5977325439453,1
467,5359,6429,306.93988037109375,294.7302551269531,306.7265625,294.94720458984375,169.31626892089844,1
468,4610,12417,267.303466796875,381.75738525390625,267.0498962402344,380.4875793457031,170.41419982910156,1
469,5167,11708,295.4996643066406,256.96112060546875,294.9990539550781,257.5522155761719,172.04940795898438,1
470,7751,9313,423.196044921875,327.2218322753906,423.6927490234375,326.7651672363281,172.69337463378906,1
471,4653,5599,269.4303283691406,259.9165954589844,269.2027587890625,260.11688232421875,173.5223388671875,1
472,4038,4913,239.0234832763672,299.39593505859375,238.79286193847656,298.8959045410156,176.61822509765625,1
473,7398,977,403.8022155761719,380.11517333984375,404.0224609375,380.1539001464844,177.6119384765625,1
474,4206,5099,248.1532440185547,379.81854248046875,247.1610565185547,378.97979736328125,179.76373291015625,1
475,10182,3437,662.82958984375,289.6669921875,662.5308837890625,289.4165954589844,108.1480484008789,1
476,8463,7394,461.571533203125,347.7398986816406,463.5035400390625,348.1246337890625,110.97296905517578,1
477,11116,4707,601.7119140625,329.3895263671875,601.1759643554688,328.5814514160156,114.65164947509766,1
478,8462,7445,461.4881896972656,359.2776794433594,461.0710144042969,359.32012939453125,114.83030700683594,1
479,9953,5909,542.712890625,325.2001953125,542.8741455078125,325.0864562988281,115.03477478027344,1
480,10142,3398,664.2107543945312,345.4147644042969,664.5004272460938,344.286865234375,119.05880737304688,1
481,9370,6609,511.07537841796875,293.5622253417969,511.29833984375,294.0404052734375,131.8825225830078,1
482,10161,12223,553.623291015625,295.5644836425781,553.5281372070312,295.1805114746094,133.38290405273438,1
483,11338,4471,612.7142944335938,302.7704162597656,612.6346435546875,301.74853515625,144.28443908691406,1
484,8677,7230,473.6010437011719,368.6068420410156,472.9223327636719,368.12762451171875,148.0067596435547,1
485,9501,3049,681.9239501953125,328.6786193847656,680.5936279296875,326.36175537109375,150.6253662109375,1
486,8621,7261,470.6724548339844,351.7652893066406,470.63604736328125,351.6496276855469,151.15223693847656,1
487,8589,7318,468.7047424316406,368.62506103515625,468.23028564453125,368.56036376953125,155.50241088867188,1
488,10086,12108,549.1771850585938,272.6468811035156,548.0477294921875,270.1729736328125,155.88136291503906,1
489,9660,6260,526.3884887695312,289.4278564453125,526.0211181640625,289.1129455566406,158.99685668945312,1
490,9749,11721,531.0838623046875,338.2430725097656,530.9268798828125,338.0337219238281,161.89193725585938,1
491,10786,3800,645.06640625,307.0709533691406,644.9751586914062,306.9060974121094,165.47506713867188,1
492,11340,4451,612.7215576171875,324.8442077636719,613.6447143554688,324.3125915527344,166.04518127441406,1
493,11381,10025,614.9981689453125,275.0028991699219,614.5433349609375,275.1869201660156,166.520263671875,1
494,10260,5620,558.5402221679688,264.3216247558594,559.0504760742188,265.4327697753906,166.59231567382812,1
495,10033,5852,546.0855102539062,299.0213317871094,546.1881103515625,299.3095397949219,167.17955017089844,1
496,9758,13396,675.8455810546875,287.16851806640625,677.5332641601562,287.37200927734375,167.6454620361328,1
497,11339,4492,612.7193603515625,311.47393798828125,611.4960327148438,310.2018127441406,172.47898864746094,1
498,9527,6406,519.349609375,306.96514892578125,519.1282348632812,306.1270751953125,172.7888946533203,1
499,11397,9985,616.0574340820312,278.95361328125,615.3386840820312,278.0448303222656,175.67868041992188,1
500,11365,4190,626.0564575195312,352.8970031738281,625.5784301757812,353.60205078125,181.7195587158203,1
501,10790,5039,586.1029663085938,369.2419738769531,585.688232421875,369.3473815917969,181.93679809570312,1
502,9419,6537,514.2415771484375,348.5622253417969,514.0534057617188,348.6524963378906,184.0923614501953,1
503,10838,11862,588.626220703125,321.5507507324219,588.105712890625,321.16033935546875,184.52642822265625,1
504,11414,4390,616.9130249023438,273.01678466796875,616.468994140625,272.8036193847656,185.27276611328125,1
505,10446,3582,654.9700317382812,272.01458740234375,655.1331176757812,273.9617614746094,186.19345092773438,1
506,10358,13027,657.2363891601562,258.0796203613281,656.542724609375,257.8946228027344,186.47520446777344,1
507,10381,3557,656.8614501953125,264.4286804199219,656.251220703125,264.9479675292969,187.79510498046875,1
508,10322,5561,562.3579711914062,380.6129150390625,562.1021118164062,381.06231689453125,188.321533203125,1
509,9623,6292,524.9122314453125,356.4044189453125,524.949462890625,357.2967834472656,188.6875762939453,1
510,8957,3465,727.5326538085938,290.447265625,726.9939575195312,290.7153015136719,89.71064758300781,1
511,8320,3273,722.6626586914062,300.337646484375,721.6761474609375,301.74969482421875,102.36209869384766,1
512,9106,2748,693.5738525390625,366.985595703125,693.3973999023438,366.2866516113281,102.79591369628906,1
513,8807,2676,706.2295532226562,380.16754150390625,706.023193359375,379.9220275878906,105.0333251953125,1
514,1790,5952,812.6712036132812,257.02691650390625,812.5709228515625,257.12469482421875,108.91739654541016,1
515,8761,13721,707.869873046875,360.5331726074219,707.8984375,360.7757568359375,110.30412292480469,1
516,8872,2570,703.7198486328125,358.62078857421875,703.7227783203125,358.5997009277344,112.34767150878906,1
517,8938,2605,701.2552490234375,359.3424987792969,701.0264282226562,359.6111755371094,113.2298583984375,1
518,11302,3805,738.903564453125,376.454345703125,738.6405029296875,376.49578857421875,120.73110961914062,1
519,8798,2678,706.5143432617188,330.17132568359375,706.2884521484375,329.77392578125,120.81390380859375,1
520,11392,3719,736.8878173828125,353.54217529296875,736.0084838867188,353.5730895996094,120.87596893310547,1
521,8414,4706,767.8179321289062,305.8082580566406,767.6372680664062,305.3578186035156,120.9710693359375,1
522,8888,2557,703.1656494140625,257.9845275878906,703.043701171875,258.55072021484375,126.38433074951172,1
523,10835,3631,733.6829833984375,280.54425048828125,732.7521362304688,280.472900390625,126.60963439941406,1
524,8941,2601,701.2520751953125,310.01129150390625,701.0640258789062,310.0979919433594,128.05467224121094,1
525,7291,7033,859.777587890625,348.52252197265625,859.59619140625,348.426025390625,128.25755310058594,1
526,11298,3806,738.903564453125,376.454345703125,738.6405029296875,376.49578857421875,130.72872924804688,1
527,8985,2635,699.1310424804688,348.82366943359375,698.9466552734375,349.2601318359375,132.51414489746094,1
528,9228,4443,758.826416015625,379.7189636230469,758.8720703125,380.45611572265625,136.98904418945312,1
529,8447,3347,723.8521118164062,377.779296875,723.6678466796875,377.1572265625,138.2353057861328,1
530,10852,4004,744.2972412109375,375.2276916503906,743.9494018554688,375.4148254394531,139.79627990722656,1
531,9155,2820,692.0263671875,376.87451171875,690.8035888671875,377.36761474609375,145.80123901367188,1
532,11143,3859,740.9038696289062,290.4371337890625,740.2120361328125,291.26861572265625,146.35914611816406,1
533,8828,4544,762.9790649414062,377.19769287109375,762.4177856445312,377.2494812011719,147.34652709960938,1
534,11137,3864,740.9038696289062,290.4371337890625,740.2120361328125,291.26861572265625,151.9769744873047,1
535,7280,12072,780.9017333984375,347.31158447265625,780.5223388671875,347.8459777832031,152.80052185058594,1
536,11346,3783,738.5146484375,361.6579895019531,738.128662109375,361.2658386230469,154.50242614746094,1
537,209,6243,822.2632446289062,261.7491455078125,822.3280639648438,260.8897705078125,154.954833984375,1
538,9858,4299,753.6093139648438,380.202392578125,753.4811401367188,380.1015930175781,154.97096252441406,1
539,7194,7098,865.2330322265625,298.593994140625,865.186767578125,298.662109375,157.076416015625,1
540,6794,7398,879.7732543945312,267.9807434082031,879.9288330078125,267.9253234863281,159.2921905517578,1
541,7180,7099,866.56884765625,261.62664794921875,866.2000732421875,261.5594787597656,160.77313232421875,1
542,11372,3790,738.4574584960938,344.1960144042969,738.364990234375,343.981201171875,162.08023071289062,1
543,8788,2663,707.143310546875,288.41583251953125,705.5755004882812,293.17364501953125,162.53614807128906,0
544,9019,2646,698.0975952148438,265.1983337402344,698.3964233398438,264.87310791015625,164.790771484375,1
545,1662,4945,1062.073486328125,337.3627014160156,1061.952392578125,337.3661193847656,69.74238586425781,1
546,3091,6517,1013.4789428710938,277.3847351074219,1013.2401733398438,278.6435852050781,78.51114654541016,1
547,3099,11351,1012.3818969726562,259.0768127441406,1013.01025390625,259.6563415527344,79.5235824584961,1
548,284,3380,1122.3616943359375,300.90618896484375,1121.5491943359375,300.79583740234375,84.73487854003906,1
549,2385,5774,1038.694091796875,334.9931335449219,1038.1768798828125,333.3870849609375,88.48728942871094,1
550,844,4105,1092.9129638671875,279.0504455566406,1093.7333984375,279.6410827636719,90.68627166748047,1
551,2165,5464,1046.285400390625,306.3359680175781,1046.3365478515625,306.9120788574219,91.47677612304688,1
552,1115,9858,1084.5880126953125,346.6676330566406,1083.465576171875,346.27764892578125,93.39700317382812,1
553,3359,6862,1003.7603759765625,269.095458984375,1003.6053466796875,268.768310546875,96.33275604248047,1
554,688,3866,1102.9637451171875,297.1205749511719,1102.9481201171875,297.07794189453125,98.3005599975586,1
555,1968,12655,1052.3802490234375,374.1343078613281,1051.9639892578125,373.7674255371094,102.71806335449219,1
556,1590,11333,1065.725830078125,275.7145080566406,1065.5274658203125,274.575439453125,123.24365997314453,1
557,1426,10705,1073.32470703125,306.1392822265625,1073.276611328125,305.7702331542969,134.5176544189453,1
558,2295,5628,1042.00732421875,353.7221984863281,1041.2923583984375,353.04241943359375,139.1078643798828,1
559,212,3228,1126.0523681640625,383.6295166015625,1125.982666015625,383.7330017089844,141.5273895263672,1
560,210,3227,1126.0523681640625,383.6295166015625,1125.982666015625,383.7330017089844,146.22242736816406,1
561,3616,7115,993.1155395507812,270.0019226074219,993.045654296875,270.8101501464844,148.82203674316406,1
562,2814,11675,1025.4744873046875,291.1240539550781,1025.5277099609375,291.1141662597656,150.678466796875,1
563,3802,7310,983.0219116210938,268.1601867675781,984.0453491210938,268.4078369140625,152.77761840820312,1
564,3044,6465,1015.5801391601562,298.04119873046875,1015.55419921875,298.4906311035156,155.52491760253906,1
565,5498,750,927.5746459960938,286.0865478515625,928.2452392578125,286.17681884765625,162.4222869873047,1
566,1693,12009,1060.4144287109375,362.68310546875,1060.1925048828125,362.20416259765625,169.98529052734375,1
567,5487,751,927.5746459960938,286.0865478515625,928.2452392578125,286.17681884765625,171.7527313232422,1
568,1830,5183,1055.755859375,337.3338317871094,1055.407958984375,337.938232421875,175.53062438964844,1
569,2907,6335,1021.2960205078125,318.73028564453125,1022.1702270507812,319.0616149902344,179.04469299316406,1
570,186,3154,1128.8731689453125,361.03802490234375,1128.053466796875,361.02032470703125,184.50474548339844,1
571,2983,6402,1018.6778564453125,322.3240966796875,1018.5502319335938,321.44964599609375,184.73223876953125,1
572,1246,4496,1080.02685546875,299.41680908203125,1079.3626708984375,301.2078857421875,185.91127014160156,1
573,260,13198,1123.2413330078125,366.5041809082031,1122.2255859375,366.6334533691406,188.72996520996094,1
574,11615,13918,1155.51953125,352.30755615234375,1154.7755126953125,351.1996765136719,62.801273345947266,1
575,12764,1989,1301.1068115234375,300.5499572753906,1300.913818359375,300.82012939453125,70.78135681152344,1
576,11567,13802,1148.5914306640625,305.1716613769531,1149.1837158203125,305.094970703125,76.91553497314453,1
577,12723,2043,1296.6378173828125,313.51812744140625,1297.293701171875,314.3550720214844,106.9205322265625,1
578,11828,14469,1182.3956298828125,339.8031005859375,1182.313232421875,339.2982482910156,109.82713317871094,1
579,11642,13991,1158.3447265625,323.58880615234375,1159.6256103515625,321.9493713378906,113.81124877929688,1
580,12194,202,1236.0731201171875,379.78375244140625,1235.28125,379.70184326171875,117.6095199584961,1
581,11827,14493,1182.2822265625,367.9646911621094,1183.1185302734375,367.9422302246094,125.65428924560547,1
582,13131,1564,1336.4102783203125,276.5556335449219,1333.08203125,272.12701416015625,131.992431640625,0
583,12902,1786,1318.041748046875,295.43695068359375,1318.017822265625,295.3005676269531,132.3744659423828,1
584,11841,1775,1184.139892578125,279.15728759765625,1183.8408203125,279.4926452636719,133.7161102294922,1
585,12280,13869,1247.0238037109375,370.4075622558594,1245.9764404296875,370.0958251953125,134.0596923828125,1
586,12450,14048,1266.45947265625,373.9814758300781,1266.63916015625,374.7341613769531,134.50650024414062,1
587,12451,14049,1266.45947265625,373.9814758300781,1266.63916015625,374.7341613769531,136.04779052734375,1
588,11869,14532,1186.5645751953125,289.643798828125,1184.9544677734375,290.31866455078125,137.8005828857422,1
589,12721,14308,1296.3765869140625,359.81768798828125,1296.1119384765625,358.9214782714844,139.7640838623047,1
590,12036,767,1212.7060546875,267.4100036621094,1212.950927734375,268.7722473144531,140.8154754638672,1
591,12819,1945,1306.5938720703125,286.81329345703125,1305.48876953125,284.72613525390625,140.9751739501953,1
592,12606,2168,1284.1290283203125,319.8114929199219,1283.71337890625,319.7552795410156,142.71299743652344,1
593,12913,1804,1318.7049560546875,324.7621154785156,1316.744384765625,324.71484375,146.195068359375,1
594,12541,14106,1278.4388427734375,354.74725341796875,1275.4775390625,353.05194091796875,148.55975341796875,1
595,14807,8161,1239.4859619140625,362.8271484375,1238.1297607421875,362.6100769042969,149.62954711914062,1
596,12662,2124,1290.5391845703125,287.9443664550781,1289.909423828125,287.35992431640625,153.63919067382812,1
597,13289,1277,1353.7611083984375,307.3271179199219,1353.53173828125,307.2286071777344,154.86122131347656,1
598,13126,14690,1336.182373046875,326.9501647949219,1336.91357421875,328.07208251953125,157.9746856689453,1
599,11895,1573,1191.23046875,282.5293273925781,1191.0010986328125,282.86724853515625,158.6915283203125,1
600,11913,1372,1194.5345458984375,352.42889404296875,1194.94482421875,352.83074951171875,161.61373901367188,1
601,12540,14105,1278.4388427734375,354.74725341796875,1275.4775390625,353.05194091796875,165.32090759277344,1
602,12370,13959,1257.0875244140625,277.4193115234375,1256.298095703125,278.1263122558594,170.226318359375,1
603,11708,2258,1165.713623046875,318.1680603027344,1165.3656005859375,318.2735900878906,171.9593048095703,1
604,12035,770,1212.677734375,293.81158447265625,1212.679443359375,293.7793884277344,176.67767333984375,1
605,11966,8641,1203.701904296875,364.22161865234375,1203.0699462890625,364.0240173339844,178.16845703125,1
606,13061,1620,1330.5595703125,326.8979797363281,1330.0994873046875,327.0838317871094,178.5329132080078,1
607,11742,14208,1170.1185302734375,348.4746398925781,1169.6241455078125,348.72064208984375,180.5076141357422,1
608,12260,13852,1245.4197998046875,289.51971435546875,1244.7320556640625,289.8592834472656,181.38357543945312,1
609,2050,2556,127.36730194091797,478.9427490234375,126.9132308959961,478.76580810546875,90.0,1
610,1812,2294,114.28636932373047,503.7226867675781,114.35503387451172,503.7435607910156,98.71676635742188,1
611,1536,1959,99.57670593261719,433.36248779296875,99.26341247558594,433.9012756347656,100.07997131347656,1
612,1427,14479,94.02196502685547,433.96368408203125,93.56423950195312,434.0220031738281,112.03124237060547,1
613,1070,1401,73.36904907226562,416.051513671875,73.50870513916016,415.6656188964844,116.3271255493164,1
614,3691,4514,218.6551971435547,490.488037109375,218.9927215576172,490.2339782714844,118.32159423828125,1
615,2283,2836,140.16378784179688,458.1606750488281,140.20359802246094,457.6035461425781,131.15640258789062,1
616,1710,14195,109.14617919921875,415.47650146484375,108.58500671386719,415.0022277832031,131.5636749267578,1
617,1881,2363,117.76980590820312,457.8074035644531,117.62345886230469,457.7704772949219,137.1641387939453,1
618,1993,2507,124.45470428466797,456.93206787109375,124.40864562988281,457.13983154296875,139.66030883789062,1
619,1811,2293,114.28636932373047,503.7226867675781,114.35503387451172,503.7435607910156,147.29562377929688,1
620,3305,8683,195.29718017578125,506.4206848144531,195.24977111816406,505.7908630371094,147.52627563476562,1
621,2070,2586,128.86131286621094,455.9371643066406,128.9613494873047,456.292724609375,151.40673828125,1
622,2229,13700,136.95750427246094,494.62091064453125,135.84349060058594,494.0780944824219,152.381103515625,1
623,2681,3276,161.2460174560547,384.9592590332031,160.95008850097656,385.0631408691406,158.73248291015625,1
624,1825,2319,114.63237762451172,475.6283874511719,115.79141998291016,475.6906433105469,159.3047332763672,1
625,1957,2444,121.92135620117188,463.687744140625,121.38460540771484,463.6011962890625,160.11871337890625,1
626,1891,2388,118.2918930053711,466.2859802246094,118.53453826904297,466.5946960449219,164.03353881835938,1
627,1951,2423,121.66352081298828,484.68170166015625,120.5527114868164,483.3083190917969,165.61099243164062,1
628,891,1184,62.000244140625,492.2943115234375,60.80673599243164,491.24139404296875,166.57431030273438,1
629,2481,3058,150.60763549804688,470.549560546875,150.66708374023438,470.57501220703125,166.7932891845703,1
630,2301,2852,140.9191131591797,481.0352478027344,141.21714782714844,481.1618957519531,167.11373901367188,1
631,13887,1501,77.862548828125,460.01611328125,78.66632080078125,460.2804870605469,170.15875244140625,1
632,1305,1690,86.85350036621094,479.5094299316406,87.40397644042969,479.3507995605469,170.9619903564453,1
633,1745,2166,110.26437377929688,489.1585388183594,108.89341735839844,487.7422180175781,173.3983917236328,1
634,3578,9841,212.79148864746094,504.0018310546875,212.81280517578125,503.3782958984375,174.80274963378906,1
635,1668,2123,106.81016540527344,401.6987609863281,106.83785247802734,401.98626708984375,175.66445922851562,1
636,1069,1400,73.36904907226562,416.051513671875,73.50870513916016,415.6656188964844,177.4429473876953,1
637,1458,14453,95.52254486083984,417.68988037109375,95.2872543334961,418.05621337890625,177.73294067382812,1
638,13816,14634,83.35379028320312,414.41229248046875,83.67277526855469,414.5690002441406,177.856689453125,1
639,2791,3406,166.50283813476562,391.81622314453125,166.39544677734375,391.40478515625,179.40457153320312,1
640,2150,2674,132.67771911621094,454.4574890136719,132.53323364257812,454.8362731933594,182.2717742919922,1
641,1228,14645,81.9693603515625,394.28936767578125,82.58067321777344,390.63690185546875,186.0644989013672,1
642,1909,13990,119.04714965820312,498.0926818847656,119.06626892089844,498.5736083984375,188.62661743164062,1
643,528,730,40.16343688964844,471.7487487792969,39.70081329345703,470.6226501464844,191.65855407714844,1
644,4929,5901,282.4241943359375,507.45440673828125,282.2893371582031,507.7159118652344,88.71302032470703,1
645,4995,5978,286.2094421386719,502.63812255859375,285.8976135253906,502.5220947265625,89.9388656616211,1
646,4994,5979,286.2094421386719,502.63812255859375,285.8976135253906,502.5220947265625,96.46761322021484,1
647,4411,5359,258.0621643066406,397.1274108886719,258.0350036621094,396.98052978515625,107.41973876953125,1
648,4034,11622,238.96005249023438,472.2915954589844,238.7320556640625,472.2857666015625,117.07262420654297,1
649,4187,5095,246.9049072265625,393.0185852050781,246.7816162109375,392.6160888671875,124.4829330444336,1
650,4843,5819,278.6973876953125,451.2844543457031,278.7757873535156,451.81494140625,127.11412048339844,1
651,4412,5360,258.1040954589844,405.69769287109375,258.07318115234375,406.11151123046875,128.93020629882812,1
652,4040,4915,239.16488647460938,412.0848083496094,238.81381225585938,412.0492858886719,129.79214477539062,1
653,4131,5037,244.22511291503906,410.1859130859375,243.86227416992188,410.4435729980469,130.07305908203125,1
654,5063,6067,290.2077331542969,500.77130126953125,290.08709716796875,500.71282958984375,138.64703369140625,1
655,5396,11402,308.6385192871094,397.0614318847656,308.4899597167969,397.1232604980469,139.2910614013672,1
656,3984,4874,235.90086364746094,463.67510986328125,235.8663787841797,462.5884704589844,142.17945861816406,1
657,7872,63,429.7383117675781,415.5700988769531,429.0568542480469,415.0518493652344,143.70803833007812,1
658,7827,127,427.0006408691406,406.79705810546875,426.7641906738281,406.43603515625,144.35719299316406,1
659,4866,5840,279.7371826171875,421.5980224609375,279.6712341308594,421.42120361328125,146.28054809570312,1
660,5344,6417,306.23468017578125,406.0148620605469,306.3461608886719,406.4329528808594,146.55374145507812,1
661,4547,12457,264.7461853027344,443.2127380371094,265.1420593261719,444.15234375,149.01678466796875,1
662,5556,6627,315.82110595703125,458.6080017089844,315.4851989746094,457.99237060546875,151.23822021484375,1
663,4887,12128,280.5746154785156,481.2565612792969,278.1858215332031,475.2679443359375,153.10780334472656,0
664,5009,11898,286.539306640625,404.6952819824219,286.13885498046875,404.1031799316406,156.7513885498047,1
665,5866,10723,330.4831237792969,468.9014892578125,329.76873779296875,469.1148681640625,158.29403686523438,1
666,5239,11593,299.6281433105469,400.39105224609375,299.50201416015625,400.3102722167969,159.83741760253906,1
667,5753,6847,325.05584716796875,450.7530822753906,324.00726318359375,450.05035400390625,162.52691650390625,1
668,4697,5651,271.2593994140625,508.4795837402344,271.17364501953125,508.3035583496094,169.82933044433594,1
669,5445,11353,310.77227783203125,432.7727355957031,310.332275390625,432.4766845703125,169.87936401367188,1
670,5901,7064,332.5431213378906,494.2095642089844,332.81353759765625,492.70257568359375,170.14405822753906,1
671,4792,5748,276.12371826171875,460.1074523925781,275.5212707519531,460.03466796875,170.2086944580078,1
672,4289,12615,252.4631805419922,478.1141052246094,252.8974151611328,477.8125305175781,170.79812622070312,1
673,4745,12234,273.81939697265625,452.4618835449219,273.86822509765625,452.9200439453125,171.47010803222656,1
674,4513,12521,262.6211242675781,468.0599060058594,261.9432373046875,467.42181396484375,171.5080108642578,1
675,3944,4824,233.63052368164062,484.00146484375,233.4220733642578,483.41278076171875,173.2137451171875,1
676,6996,450,385.357421875,411.46527099609375,385.43572998046875,411.7171936035156,173.50791931152344,1
677,4135,12105,244.427490234375,497.08380126953125,244.43313598632812,496.8092956542969,174.22686767578125,1
678,7150,8872,392.7708435058594,392.0123291015625,393.01812744140625,391.3257141113281,175.1399383544922,1
679,10050,3342,668.3064575195312,409.497314453125,667.9578857421875,409.9065246582031,81.26499938964844,1
680,9456,3001,682.8450317382812,454.20733642578125,682.972412109375,453.968017578125,91.64605712890625,1
681,10740,12822,646.4177856445312,476.35296630859375,646.2529907226562,475.82257080078125,97.19053649902344,1
682,10138,3394,664.4844970703125,467.8594055175781,664.7489624023438,467.3421325683594,98.72689819335938,1
683,11429,4228,623.613037109375,503.0350036621094,623.62060546875,503.180908203125,98.84330749511719,1
684,11224,4049,631.8173217773438,495.8782043457031,631.865234375,495.9718017578125,101.46920776367188,1
685,10104,5760,550.3854370117188,506.3971252441406,550.2326049804688,506.12030029296875,101.4839859008789,1
686,9322,13603,687.5693969726562,505.43426513671875,687.802490234375,506.1964111328125,101.6513671875,1
687,9258,6747,505.31927490234375,504.2515869140625,504.076904296875,504.836181640625,102.08819580078125,1
688,11149,10774,603.090576171875,473.22442626953125,602.6664428710938,473.6881408691406,110.18620300292969,1
689,11440,4324,618.41455078125,472.389404296875,619.9674072265625,472.46160888671875,114.49890899658203,1
690,10642,3683,649.6624145507812,452.793212890625,649.2619018554688,452.0257263183594,115.32996368408203,1
691,11059,8288,637.9390258789062,458.8471374511719,638.4952392578125,459.4886169433594,119.69962310791016,1
692,10764,5064,584.1229248046875,478.2953186035156,584.8883666992188,478.81195068359375,120.87183380126953,1
693,9452,3000,682.8450317382812,454.20733642578125,682.972412109375,453.968017578125,121.55657196044922,1
694,9753,3150,676.3819580078125,504.40997314453125,676.5220336914062,504.3626708984375,124.14507293701172,1
695,10674,12894,648.829833984375,415.23968505859375,649.9332885742188,414.1722106933594,126.96062469482422,1
696,9557,3050,680.6277465820312,465.611572265625,680.5697021484375,465.23065185546875,129.91920471191406,1
697,10116,5751,551.208251953125,494.9223937988281,550.946533203125,494.8458251953125,131.3430633544922,1
698,10763,5065,584.1229248046875,478.2953186035156,584.8883666992188,478.81195068359375,131.35829162597656,1
699,11029,8312,638.5223388671875,477.66619873046875,638.3831176757812,477.94134521484375,132.33291625976562,1
700,9710,3123,677.1668701171875,455.2903747558594,677.263671875,454.80755615234375,132.77801513671875,1
701,9480,3014,682.5476684570312,397.2494201660156,682.2576904296875,396.45257568359375,134.0895233154297,1
702,10845,4956,589.1456909179688,472.9277648925781,589.7879028320312,472.599853515625,134.53623962402344,1
703,10019,3328,668.8723754882812,503.5608825683594,668.9356689453125,502.8307189941406,134.60311889648438,1
704,11006,4774,596.7067260742188,469.6123046875,597.1544799804688,469.80328369140625,137.0875701904297,1
705,10299,12342,561.2094116210938,491.6418762207031,559.5838012695312,492.45556640625,137.57179260253906,1
706,10188,5693,555.2924194335938,498.08184814453125,554.7906494140625,497.85723876953125,137.65536499023438,1
707,11427,4225,623.7199096679688,489.5212097167969,623.634765625,489.88543701171875,138.51353454589844,1
708,11349,4155,626.8435668945312,460.4361267089844,627.076904296875,460.4427185058594,139.65313720703125,1
709,9374,6599,511.34686279296875,454.45928955078125,511.82135009765625,455.43817138671875,144.72732543945312,1
710,11118,10941,601.8085327148438,464.78167724609375,600.59326171875,464.1196594238281,145.66400146484375,1
711,11465,4329,619.940185546875,490.9803466796875,619.6656494140625,490.8496398925781,147.03741455078125,1
712,9358,2949,686.1908569335938,407.8212585449219,685.8646850585938,407.5458679199219,150.62867736816406,1
713,8936,6999,488.2039489746094,435.79876708984375,488.09393310546875,435.77044677734375,152.61717224121094,1
714,8720,3424,726.2509765625,478.57952880859375,725.9949340820312,478.31439208984375,53.45091247558594,1
715,10328,3578,731.9473266601562,472.8002014160156,730.1599731445312,471.6654052734375,64.49031066894531,1
716,9167,2799,691.7103881835938,392.696044921875,691.4826049804688,392.01397705078125,73.03424072265625,1
717,10761,8584,745.2286376953125,403.4769287109375,745.1156005859375,403.2612609863281,73.49149322509766,1
718,10965,8376,743.08154296875,470.32379150390625,742.7932739257812,470.0525207519531,76.67463684082031,1
719,8444,3159,718.645263671875,460.28790283203125,718.4303588867188,459.73980712890625,77.13624572753906,1
720,8489,3131,717.3357543945312,479.5582580566406,718.0308227539062,479.929443359375,82.25569915771484,1
721,9395,3532,728.8983764648438,457.40521240234375,728.658447265625,457.20550537109375,90.50414276123047,1
722,7431,4993,779.1007690429688,454.0274353027344,778.6993408203125,453.0925598144531,100.08995819091797,1
723,11209,3853,739.798828125,456.22650146484375,739.7719116210938,456.401611328125,102.71319580078125,1
724,9138,13678,692.509765625,440.7413635253906,691.6411743164062,440.1923828125,107.55928802490234,1
725,9200,2821,690.6895141601562,397.6344909667969,690.6967163085938,396.99462890625,112.93803405761719,1
726,10613,12931,732.8724975585938,422.66937255859375,732.9083862304688,424.67095947265625,112.95574188232422,1
727,10351,3624,732.0059814453125,386.0510559082031,731.9884033203125,387.12750244140625,114.02192687988281,1
728,7855,6737,839.9892578125,509.0643615722656,840.0529174804688,509.0196838378906,115.16510009765625,1
729,6973,5175,783.391845703125,475.1982116699219,783.3455200195312,475.8882141113281,120.38272094726562,1
730,7857,6736,839.9892578125,509.0643615722656,840.0529174804688,509.0196838378906,122.62136840820312,1
731,9922,4253,753.1663818359375,424.860107421875,752.2908935546875,422.5185852050781,123.43824005126953,1
732,8971,2619,699.7854614257812,498.7242126464844,700.032958984375,499.43865966796875,124.0282211303711,1
733,9122,2745,692.8941040039062,462.62249755859375,693.8087768554688,463.68963623046875,128.91082763671875,1
734,8994,2647,698.7537231445312,456.5208435058594,698.3792114257812,456.2437438964844,129.64952087402344,1
735,8449,3113,718.2173461914062,391.8374328613281,717.8675537109375,391.636962890625,130.23056030273438,1
736,10348,3621,732.0059814453125,386.0510559082031,731.9884033203125,387.12750244140625,131.04579162597656,1
737,9120,2743,692.8941040039062,462.62249755859375,693.8087768554688,463.68963623046875,131.39254760742188,1
738,11167,3946,740.371337890625,506.56561279296875,742.3272705078125,507.5347595214844,131.57887268066406,1
739,9017,2651,698.1324462890625,495.3020324707031,698.1812133789062,495.70220947265625,134.66253662109375,1
740,6998,7257,872.9739990234375,392.76910400390625,873.9207763671875,391.11651611328125,137.71710205078125,1
741,8520,3027,716.2410278320312,399.9828796386719,715.810791015625,400.1877136230469,138.48104858398438,1
742,11477,12823,737.5962524414062,418.36248779296875,737.1203002929688,418.1907958984375,138.92083740234375,1
743,11312,3794,738.7940673828125,461.6891174316406,738.4276733398438,461.6812438964844,139.9142608642578,1
744,8601,2983,714.21533203125,474.461181640625,714.3054809570312,474.6413879394531,141.03546142578125,1
745,7432,4992,779.1007690429688,454.0274353027344,778.6993408203125,453.0925598144531,141.9859161376953,1
746,8399,3231,720.736572265625,453.0569152832031,720.6846923828125,453.06439208984375,142.0774383544922,1
747,11496,3757,737.3350830078125,404.8269348144531,737.5272827148438,405.19580078125,142.5587615966797,1
748,11213,3852,739.798828125,456.22650146484375,739.7719116210938,456.401611328125,142.5762939453125,1
749,421,3574,1116.1951904296875,460.7438049316406,1116.16748046875,460.6484680175781,68.32276153564453,1
750,415,3572,1116.1951904296875,460.7438049316406,1116.16748046875,460.6484680175781,74.91996002197266,1
751,1802,5151,1056.9329833984375,400.5284423828125,1056.1541748046875,399.5799865722656,82.86736297607422,1
752,568,3775,1108.17333984375,422.3047180175781,1107.7728271484375,422.383544921875,83.41462707519531,1
753,557,3752,1108.470947265625,484.18377685546875,1108.7874755859375,484.13153076171875,92.7469711303711,1
754,229,3282,1125.0411376953125,394.19891357421875,1124.441650390625,393.9253845214844,97.37042999267578,1
755,1892,5201,1054.4151611328125,417.0328369140625,1053.9327392578125,418.34979248046875,103.28116607666016,1
756,721,3890,1102.3798828125,442.7540283203125,1101.806640625,442.4506530761719,103.36827087402344,1
757,11543,2736,1144.9539794921875,443.3731994628906,1144.3450927734375,443.9818420410156,104.05767822265625,1
758,1117,9864,1083.736083984375,421.17425537109375,1083.414794921875,420.5910339355469,106.60675048828125,1
759,347,3483,1119.0216064453125,446.6643981933594,1118.4151611328125,446.612548828125,107.1634292602539,1
760,90,3051,1133.11767578125,387.129638671875,1133.145751953125,387.2046813964844,107.52674102783203,1
761,780,4029,1097.195556640625,421.75115966796875,1097.341064453125,422.4447021484375,109.55364227294922,1
762,949,4244,1089.1019287109375,467.9347839355469,1088.666259765625,467.6255798339844,110.0999526977539,1
763,2664,5996,1030.1309814453125,472.53070068359375,1030.0628662109375,471.9936828613281,112.27644348144531,1
764,991,4294,1088.267333984375,461.30841064453125,1087.7308349609375,461.0536193847656,113.45043182373047,1
765,867,4163,1091.8299560546875,424.406005859375,1091.494873046875,424.21978759765625,115.04347229003906,1
766,11539,2783,1144.07861328125,462.9203796386719,1143.0601806640625,462.9583740234375,117.17081451416016,1
767,3095,11342,1012.8828735351562,489.8814392089844,1012.7891235351562,490.6922302246094,117.59251403808594,1
768,2841,6264,1023.9424438476562,499.7985534667969,1023.9949340820312,500.1976623535156,117.91098022460938,1
769,2296,5609,1041.9560546875,471.7933044433594,1042.08251953125,471.6629638671875,119.01260375976562,1
770,2499,12115,1036.0616455078125,497.4514465332031,1036.2197265625,499.1402282714844,124.08464813232422,1
771,3247,6718,1007.7674560546875,476.05517578125,1008.1480102539062,475.77581787109375,128.23416137695312,1
772,1554,4777,1067.129638671875,485.6741943359375,1067.0830078125,484.80450439453125,130.28814697265625,1
773,427,3577,1115.8232421875,398.9836120605469,1115.9305419921875,399.9619445800781,133.23287963867188,1
774,5486,688,927.6338500976562,458.3062744140625,927.677734375,458.2923889160156,133.70863342285156,1
775,909,9305,1089.97900390625,419.3818359375,1089.1727294921875,418.98388671875,147.98648071289062,1
776,1084,4369,1084.9822998046875,450.2333984375,1084.6475830078125,450.0841369628906,148.33071899414062,1
777,301,13167,1121.1204833984375,392.6439208984375,1121.047607421875,392.3278503417969,148.7850799560547,1
778,11502,2859,1140.11572265625,384.75732421875,1139.909423828125,384.13299560546875,149.72975158691406,1
779,285,3344,1122.3072509765625,385.1301574707031,1122.474609375,385.4855041503906,150.16323852539062,1
780,2076,5388,1049.3299560546875,442.3662414550781,1049.3226318359375,442.18353271484375,153.46009826660156,1
781,3725,7260,987.0748901367188,495.1839599609375,986.3148193359375,496.2388916015625,155.74337768554688,1
782,3167,6604,1010.3880615234375,486.8172912597656,1010.3563232421875,487.1882629394531,159.5963592529297,1
783,2561,5891,1033.708251953125,482.4145812988281,1033.49658203125,482.2987365722656,163.28196716308594,1
784,11912,1306,1194.4383544921875,413.4395446777344,1196.054443359375,413.5551452636719,90.39911651611328,1
785,13209,1412,1344.2666015625,425.69940185546875,1344.6025390625,425.4779052734375,91.28527069091797,1
786,11761,14294,1174.58203125,486.76495361328125,1174.3692626953125,486.3426818847656,97.1956787109375,1
787,12202,157,1238.1881103515625,410.8768615722656,1238.1529541015625,411.0316162109375,109.5627670288086,1
788,12973,1679,1324.284423828125,413.3348083496094,1326.5087890625,413.9522705078125,113.37989044189453,1
789,12678,2103,1292.0709228515625,406.7336120605469,1291.3294677734375,406.89385986328125,115.50325012207031,1
790,12984,1698,1325.1090087890625,445.18927001953125,1325.2796630859375,445.15594482421875,116.10771179199219,1
791,12201,158,1238.1881103515625,410.8768615722656,1238.1529541015625,411.0316162109375,121.49485778808594,1
792,11628,2443,1157.04345703125,444.5769958496094,1156.5137939453125,444.51617431640625,121.76616668701172,1
793,13145,1518,1337.3876953125,449.04168701171875,1336.503662109375,447.6526794433594,128.5496063232422,1
794,12932,14536,1320.96337890625,433.9145812988281,1321.9217529296875,434.1963806152344,134.8703155517578,1
795,13267,1301,1351.1939697265625,489.7076110839844,1351.3519287109375,489.5119323730469,135.35877990722656,1
796,12174,8205,1233.8668212890625,394.2790832519531,1233.3345947265625,394.89349365234375,136.78085327148438,1
797,11678,2318,1162.824462890625,451.9693298339844,1162.9681396484375,450.970947265625,137.70620727539062,1
798,11872,14570,1186.8336181640625,448.83319091796875,1186.373779296875,448.93359375,138.2280731201172,1
799,11920,14772,1195.457763671875,448.2497253417969,1195.0430908203125,448.9575500488281,141.8590850830078,1
800,12781,14355,1302.2349853515625,401.9292297363281,1301.891845703125,401.5954895019531,142.80056762695312,1
801,12160,8223,1232.125,437.86669921875,1232.2589111328125,437.6112976074219,143.0384521484375,1
802,13238,1361,1347.7105712890625,444.265625,1347.6080322265625,444.4201354980469,145.00344848632812,1
803,13338,1168,1360.658203125,428.39813232421875,1360.61279296875,428.7662048339844,149.9533233642578,1
804,11794,14388,1178.4669189453125,462.68597412109375,1178.7589111328125,464.4477233886719,151.64761352539062,1
805,12427,2348,1264.0330810546875,424.3731994628906,1263.8720703125,424.32305908203125,151.99012756347656,1
806,13210,1411,1344.2666015625,425.69940185546875,1344.6025390625,425.4779052734375,152.76779174804688,1
807,12564,14166,1281.299560546875,508.3882751464844,1281.309814453125,508.8603820800781,153.99349975585938,1
808,12983,1699,1325.1090087890625,445.18927001953125,1325.2796630859375,445.15594482421875,156.09933471679688,1
809,13354,1160,1363.6060791015625,501.39202880859375,1363.172607421875,501.4637145996094,156.99044799804688,1
810,12855,1880,1310.2598876953125,411.27520751953125,1310.185302734375,410.0317077636719,160.59576416015625,1
811,13319,1194,1358.55078125,505.0173645019531,1358.8472900390625,505.96588134765625,161.87957763671875,1
812,12207,155,1238.5228271484375,404.38140869140625,1238.336669921875,404.1123962402344,162.0956573486328,1
813,13070,14643,1331.245361328125,494.76080322265625,1331.2711181640625,495.1601867675781,166.6823272705078,1
814,12375,13975,1257.3245849609375,422.0771789550781,1257.0662841796875,422.1134338378906,169.22470092773438,1
815,13318,1195,1358.55078125,505.0173645019531,1358.8472900390625,505.96588134765625,169.5110626220703,1
816,12291,2505,1248.2823486328125,404.5807189941406,1248.2952880859375,404.25531005859375,169.97647094726562,1
817,13091,1581,1332.665771484375,454.5126037597656,1332.435791015625,455.12335205078125,170.5549774169922,1
818,12936,1756,1321.168212890625,450.3291320800781,1321.355224609375,450.1213073730469,170.6663360595703,1
819,2914,3526,172.35951232910156,600.1388549804688,171.81478881835938,600.8938598632812,96.86072540283203,1
820,582,806,43.06174850463867,637.3929443359375,42.70725631713867,636.6770629882812,100.11992645263672,1
821,2908,3548,171.95738220214844,568.1519775390625,172.9610137939453,567.1717529296875,100.7521743774414,1
822,1989,2508,124.4011001586914,534.707275390625,124.42889404296875,534.7352905273438,117.5584945678711,1
823,2287,2841,140.44039916992188,534.000244140625,140.58909606933594,531.8352661132812,122.06964874267578,1
824,1386,1790,92.03083038330078,598.2067260742188,91.93350219726562,597.6731567382812,128.39781188964844,1
825,2790,13193,166.47103881835938,574.259033203125,164.9124755859375,574.3284912109375,128.51458740234375,1
826,1874,2355,117.33003234863281,514.7933349609375,117.35328674316406,515.527099609375,137.24795532226562,1
827,2509,3075,151.67950439453125,601.448974609375,151.9153594970703,600.7566528320312,137.4554443359375,1
828,1095,1430,74.59735870361328,589.6593627929688,74.61105346679688,589.5242919921875,142.2427520751953,1
829,1935,2432,120.86532592773438,573.267822265625,121.02950286865234,573.454833984375,146.04794311523438,1
830,631,906,46.70085906982422,631.9295043945312,46.914466857910156,631.9318237304688,146.177978515625,1
831,2038,13856,126.55474853515625,541.8411254882812,126.21729278564453,541.9092407226562,146.36598205566406,1
832,2615,3204,157.53173828125,560.7492065429688,157.22369384765625,561.0523071289062,156.83749389648438,1
833,1833,2300,115.11740112304688,575.7938842773438,114.92594146728516,576.02685546875,161.2947540283203,1
834,1383,14511,91.85144805908203,552.7230834960938,91.39700317382812,551.9633178710938,167.7796173095703,1
835,79,8123,7.688621520996094,551.3653564453125,7.368465900421143,550.4916381835938,168.38943481445312,1
836,2789,13194,166.47103881835938,574.259033203125,164.9124755859375,574.3284912109375,168.68313598632812,1
837,1396,1800,92.25198364257812,564.3863525390625,92.2933349609375,564.7074584960938,169.65847778320312,1
838,1563,14343,101.38280487060547,594.8743286132812,101.33780670166016,595.2594604492188,170.53445434570312,1
839,2593,3193,156.66741943359375,588.9961547851562,156.48519897460938,588.4189453125,171.7789306640625,1
840,2485,3041,150.6761932373047,578.0896606445312,149.99566650390625,576.9169311523438,172.51666259765625,1
841,2878,3487,170.31849670410156,541.3375854492188,169.61990356445312,540.8033447265625,172.63255310058594,1
842,2877,3486,170.31849670410156,541.3375854492188,169.61990356445312,540.8033447265625,174.89710998535156,1
843,2358,2915,144.15496826171875,518.8026733398438,144.37918090820312,519.7360229492188,179.5633544921875,1
844,1873,2354,117.33003234863281,514.7933349609375,117.35328674316406,515.527099609375,179.7526092529297,1
845,1508,1960,98.353271484375,580.2090454101562,99.29206085205078,579.1618041992188,180.08331298828125,1
846,3427,9263,203.5599365234375,606.02490234375,203.65628051757812,605.8377685546875,183.22117614746094,1
847,1307,14604,86.85360717773438,569.2582397460938,86.1998291015625,568.5360107421875,185.08917236328125,1
848,1597,2047,102.87584686279297,582.502685546875,103.18717193603516,582.6917724609375,185.483154296875,1
849,1548,1979,100.17996215820312,605.742919921875,100.25162506103516,605.632080078125,185.94085693359375,1
850,376,533,30.110166549682617,619.2628784179688,29.87043571472168,619.8046264648438,186.03225708007812,1
851,713,8620,51.19550323486328,633.1956787109375,51.056861877441406,633.1820678710938,186.56365966796875,1
852,1280,1635,85.17121124267578,594.2838745117188,84.92449188232422,594.1865844726562,186.61724853515625,1
853,1449,1851,95.07246398925781,573.3406372070312,94.629150390625,573.52978515625,186.732421875,1
854,6232,7462,348.71429443359375,616.3644409179688,349.04534912109375,615.3558349609375,66.36264038085938,1
855,5163,6178,295.4172668457031,526.4417114257812,295.256591796875,525.8363037109375,90.53728485107422,1
856,6567,7813,364.8902893066406,637.191650390625,364.5252380371094,637.3236083984375,94.67840576171875,1
857,6582,7849,365.57855224609375,571.4588012695312,365.8465270996094,572.212646484375,96.85556030273438,1
858,4801,5765,276.7151794433594,516.5687866210938,276.53546142578125,516.3045654296875,101.43470764160156,1
859,6569,9708,365.07958984375,617.0100708007812,365.1198425292969,616.7823486328125,104.57054901123047,1
860,6936,9166,382.1875305175781,632.34521484375,383.47723388671875,631.4318237304688,111.24747467041016,1
861,6299,7535,352.6194152832031,576.3218994140625,352.79913330078125,576.09814453125,112.56109619140625,1
862,6053,10367,339.68731689453125,602.3278198242188,339.0622863769531,603.6707153320312,113.23426818847656,1
863,4253,5168,250.84722900390625,523.881591796875,250.62062072753906,524.4083251953125,114.06138610839844,1
864,5238,6256,299.5801086425781,560.8898315429688,299.32147216796875,559.9396362304688,118.82339477539062,1
865,5405,6472,308.96966552734375,552.1224365234375,308.7475280761719,551.928955078125,126.9369888305664,1
866,5720,6816,323.1457824707031,585.6926879882812,322.8733825683594,586.2367553710938,127.94139099121094,1
867,6050,7239,339.6474304199219,591.7832641601562,339.35919189453125,592.6140747070312,130.8357696533203,1
868,5754,6870,325.0648498535156,553.8126220703125,325.2005615234375,553.8231811523438,131.9621124267578,1
869,7119,8893,391.1864013671875,629.0361328125,392.5517272949219,628.159912109375,135.44740295410156,1
870,5160,6168,295.1664123535156,527.10986328125,294.9482727050781,526.8047485351562,140.81903076171875,1
871,5823,6949,328.6610107421875,585.728759765625,328.1145935058594,585.7191162109375,140.9148712158203,1
872,6454,7693,359.8860778808594,573.6621704101562,360.00201416015625,573.7957153320312,142.3446502685547,1
873,4342,5272,254.42027282714844,602.3939819335938,254.35934448242188,602.1190795898438,143.18869018554688,1
874,7610,489,416.1646423339844,609.9491577148438,415.8698425292969,609.018310546875,145.086181640625,1
875,5627,11114,318.86358642578125,582.6212158203125,318.9127502441406,582.8150024414062,149.4590301513672,1
876,7118,8894,391.1864013671875,629.0361328125,392.5517272949219,628.159912109375,149.7464599609375,1
877,4384,5317,256.89178466796875,528.913818359375,256.78619384765625,529.533935546875,150.65524291992188,1
878,4151,5068,245.08193969726562,600.7040405273438,245.61172485351562,600.4154052734375,152.0361785888672,1
879,4520,5474,262.9934387207031,610.0963745117188,263.02581787109375,610.7297973632812,157.8860321044922,1
880,3924,4825,232.36346435546875,539.03955078125,233.53240966796875,540.4722900390625,159.19798278808594,1
881,5332,11476,305.41766357421875,572.14404296875,305.0745544433594,572.6192016601562,160.37144470214844,1
882,6890,9291,380.21075439453125,567.6878051757812,380.3403625488281,567.9917602539062,162.76670837402344,1
883,4928,5890,282.4048156738281,541.9052734375,281.84527587890625,541.728271484375,163.8078155517578,1
884,5755,6871,325.0648498535156,553.8126220703125,325.2005615234375,553.8231811523438,166.89218139648438,1
885,4228,5128,249.39756774902344,545.75732421875,248.90386962890625,545.173095703125,167.39474487304688,1
886,5423,6495,309.9678955078125,580.0453491210938,309.8434143066406,580.7196655273438,167.42759704589844,1
887,4127,5045,244.04623413085938,533.7534790039062,244.42149353027344,532.6783447265625,167.7140350341797,1
888,6707,7982,371.34844970703125,552.0040283203125,370.67742919921875,551.2318115234375,172.3629913330078,1
889,9735,3151,676.6207885742188,517.4655151367188,676.3990478515625,517.49755859375,98.6610336303711,1
890,8898,7030,485.9570007324219,565.4480590820312,485.907958984375,565.3719482421875,119.67037963867188,1
891,10833,12755,643.8367309570312,626.5623779296875,643.6293334960938,626.4236450195312,125.11994171142578,1
892,14670,10922,600.8612060546875,571.5963745117188,600.9503784179688,571.798828125,126.21806335449219,1
893,10923,4872,592.881103515625,562.5753173828125,593.1220703125,562.82373046875,145.32720947265625,1
894,8987,6952,490.97381591796875,568.8661499023438,490.9257507324219,568.790283203125,146.31472778320312,1
895,10339,3512,657.9743041992188,585.8112182617188,658.610107421875,586.8746948242188,151.2018585205078,1
896,9399,2932,685.497314453125,582.7438354492188,686.2875366210938,583.4801025390625,151.41334533691406,1
897,11112,3976,636.13720703125,632.775146484375,636.33544921875,632.4830932617188,153.66522216796875,1
898,11380,10219,614.978759765625,576.9414672851562,611.8067626953125,576.9140625,153.73678588867188,1
899,11280,4086,629.3375244140625,632.4772338867188,629.7044677734375,632.2571411132812,155.1354217529297,1
900,11075,3950,637.549560546875,532.5226440429688,637.837890625,533.9324340820312,160.92234802246094,1
901,8697,7184,474.8651428222656,573.9847412109375,475.40032958984375,574.07568359375,164.05181884765625,1
902,10547,5294,573.8648071289062,587.906494140625,573.7924194335938,588.0335083007812,169.5435028076172,1
903,9505,6426,518.3238525390625,516.9344482421875,518.6681518554688,516.9240112304688,170.39073181152344,1
904,11025,3916,638.6386108398438,517.8587646484375,638.8665771484375,517.9610595703125,172.04359436035156,1
905,14988,12060,545.0045166015625,584.9286499023438,545.6387329101562,585.648681640625,172.56883239746094,1
906,9550,6369,520.3052368164062,523.3963012695312,520.6276245117188,523.2781982421875,172.83807373046875,1
907,9572,13436,680.1907348632812,615.8128662109375,679.3833618164062,617.9056396484375,173.36378479003906,1
908,9803,3184,674.2511596679688,563.6458129882812,674.330810546875,564.0043334960938,177.36402893066406,1
909,11050,4734,598.46826171875,562.0314331054688,598.7591552734375,561.4351806640625,180.363525390625,1
910,9621,6293,524.8739013671875,522.1607055664062,524.861328125,521.7027587890625,182.67457580566406,1
911,10694,3699,648.4320678710938,538.7344970703125,648.39208984375,539.267578125,185.89512634277344,1
912,9713,3126,677.12255859375,611.0464477539062,676.9307250976562,611.5765380859375,186.732421875,1
913,10882,3878,641.625244140625,611.3076171875,641.252197265625,611.8939208984375,186.91441345214844,1
914,11132,3982,635.1985473632812,520.198486328125,635.8997802734375,520.930908203125,189.48086547851562,1
915,7649,4951,776.3629760742188,533.0653076171875,776.3352661132812,533.1270141601562,67.1043930053711,1
916,6613,7517,887.816162109375,551.5513916015625,888.2538452148438,551.6019897460938,75.44534301757812,1
917,7197,7090,864.7990112304688,544.4847412109375,864.6852416992188,544.2744750976562,76.17742156982422,1
918,7052,7211,870.7085571289062,546.53955078125,871.5675659179688,547.1470336914062,78.6638412475586,1
919,2309,5830,809.215576171875,533.0574951171875,808.7576904296875,533.1340942382812,79.76214599609375,1
920,6918,5202,783.8842163085938,531.2102661132812,784.49853515625,531.575439453125,81.81076049804688,1
921,6428,5258,786.927978515625,525.3522338867188,786.5990600585938,525.3048095703125,82.89149475097656,1
922,6917,5203,783.8842163085938,531.2102661132812,784.49853515625,531.575439453125,84.92349243164062,1
923,6552,7566,890.8062133789062,540.7329711914062,890.8563842773438,540.979248046875,86.44651794433594,1
924,4356,5509,797.3660888671875,513.0440063476562,797.0362548828125,513.0532836914062,89.52653503417969,1
925,9036,10294,760.8946533203125,512.4771728515625,760.9619140625,512.2901611328125,90.22749328613281,1
926,7495,4976,778.2916259765625,542.3636474609375,778.3450317382812,542.0748291015625,92.36341094970703,1
927,8648,2916,712.9429931640625,545.1920776367188,712.4681396484375,544.6074829101562,94.90521240234375,1
928,7850,6723,840.34228515625,526.008056640625,839.7610473632812,525.6282348632812,97.26253509521484,1
929,6553,7564,890.8062133789062,540.7329711914062,890.8563842773438,540.979248046875,97.6524429321289,1
930,6100,5319,789.6514282226562,516.196533203125,789.768798828125,516.5154418945312,101.13851928710938,1
931,6531,7605,892.162841796875,518.7405395507812,892.4104614257812,518.8099365234375,101.28178405761719,1
932,9282,4419,758.3822021484375,520.5506591796875,758.3128051757812,520.6900634765625,102.49390411376953,1
933,7686,4888,775.7083129882812,545.8406372070312,775.1651000976562,545.1202392578125,103.87492370605469,1
934,6592,7519,889.4892578125,633.3944702148438,889.018798828125,633.115478515625,108.22661590576172,1
935,7963,6667,834.6004638671875,524.6929321289062,836.01904296875,525.871337890625,111.15754699707031,1
936,8139,4730,770.355224609375,556.9328002929688,769.8968505859375,556.713134765625,112.35212707519531,1
937,9042,2681,696.5540771484375,538.9326782226562,696.7406005859375,538.5951538085938,114.98260498046875,1
938,7338,7016,857.1195678710938,570.6630859375,857.5209350585938,570.8990478515625,117.40528106689453,1
939,10957,3940,743.0859375,539.316650390625,742.0542602539062,538.7758178710938,120.74767303466797,1
940,6325,7819,898.4347534179688,537.8472290039062,898.2622680664062,537.7784423828125,121.42899322509766,1
941,7462,6913,852.54052734375,568.0306396484375,852.407470703125,568.0157470703125,121.89339447021484,1
942,8049,6622,832.2307739257812,603.4724731445312,832.0513916015625,603.1080932617188,123.65274047851562,1
943,1499,6021,814.09423828125,576.9537353515625,814.3568725585938,577.09130859375,124.06047058105469,1
944,2142,5860,810.41357421875,587.2495727539062,810.009033203125,586.97216796875,128.95347595214844,1
945,3299,5677,802.6674194335938,518.9786987304688,802.7295532226562,518.847900390625,129.43338012695312,1
946,6002,134,910.0181884765625,586.2987670898438,910.266357421875,585.5980834960938,133.3454132080078,1
947,8873,13160,727.0364990234375,520.4878540039062,725.6798706054688,519.7051391601562,134.05223083496094,1
948,7704,6792,845.7474365234375,531.07763671875,844.3806762695312,530.3851928710938,135.9595489501953,1
949,7746,6790,844.7945556640625,522.9749755859375,844.2195434570312,522.7347412109375,136.10658264160156,1
950,1108,9818,1084.6876220703125,591.4273071289062,1084.427001953125,592.2879638671875,92.71461486816406,1
951,1387,10439,1076.4237060546875,563.088134765625,1076.928466796875,565.5296630859375,99.6142578125,1
952,1922,5210,1053.8486328125,634.968505859375,1053.831298828125,634.7333374023438,104.05767822265625,1
953,1758,5070,1058.900390625,637.8738403320312,1058.9921875,638.06689453125,105.86312103271484,1
954,1673,4948,1061.358154296875,634.0596313476562,1061.556640625,634.6134643554688,111.1080551147461,1
955,11518,13626,1141.57470703125,574.0369873046875,1139.7667236328125,572.5428466796875,111.3283462524414,1
956,3426,6902,1001.1495971679688,519.1039428710938,1001.21435546875,519.3311157226562,114.15340423583984,1
957,674,12750,1103.8878173828125,539.8983154296875,1104.0740966796875,540.5443725585938,117.46063232421875,1
958,2736,6070,1028.247802734375,558.6746215820312,1028.85986328125,559.1190185546875,121.70867156982422,1
959,1742,5057,1059.517578125,551.6481323242188,1059.3665771484375,551.6625366210938,124.00403594970703,1
960,1116,9822,1084.257080078125,543.9976196289062,1084.425537109375,543.394775390625,127.78497314453125,1
961,1795,5118,1057.494140625,632.1353149414062,1057.28759765625,631.7130737304688,133.6936798095703,1
962,1586,11281,1065.856201171875,601.2347412109375,1066.052490234375,601.1487426757812,139.4632568359375,1
963,5230,8747,935.720947265625,621.4974975585938,935.1671142578125,621.8761596679688,139.5492706298828,1
964,1474,4690,1070.5166015625,616.8851318359375,1070.591796875,617.3374633789062,140.45640563964844,1
965,388,13087,1118.133056640625,545.6817016601562,1118.0821533203125,545.891357421875,142.80056762695312,1
966,758,3914,1100.1396484375,616.8890380859375,1101.3145751953125,617.6629028320312,144.145751953125,1
967,3459,6929,1000.3978271484375,567.5963134765625,1000.4174194335938,567.5827026367188,145.66400146484375,1
968,4886,9045,948.3702392578125,591.9814453125,948.6470947265625,592.461669921875,145.7532196044922,1
969,5244,8746,935.44580078125,585.375732421875,935.2947998046875,585.0230102539062,148.76490783691406,1
970,2842,6265,1023.34912109375,564.2536010742188,1023.8049926757812,564.431640625,150.07997131347656,1
971,2204,5493,1045.0426025390625,620.3479614257812,1045.508056640625,620.2542724609375,150.159912109375,1
972,3526,7015,997.0771484375,521.3848266601562,997.0037231445312,521.783447265625,152.6269989013672,1
973,249,3292,1123.9002685546875,526.7223510742188,1124.02490234375,526.8175048828125,154.09413146972656,1
974,1042,9673,1086.22412109375,597.3453369140625,1085.786865234375,597.6165771484375,157.38169860839844,1
975,2831,6225,1025.1268310546875,633.200439453125,1025.3814697265625,634.41357421875,158.74192810058594,1
976,5249,8800,934.8272705078125,575.8833618164062,933.4544067382812,573.7977905273438,159.26393127441406,1
977,815,4089,1094.4632568359375,542.1017456054688,1094.505859375,542.7241821289062,159.8468017578125,1
978,142,13417,1130.6217041015625,563.4215698242188,1130.7958984375,564.202880859375,160.5926513671875,1
979,3197,11171,1009.2772216796875,577.2762451171875,1009.3218994140625,577.4371337890625,160.80734252929688,1
980,5107,1072,938.7849731445312,611.9251098632812,937.783203125,612.2479858398438,162.30218505859375,1
981,4252,7822,967.81298828125,599.5448608398438,967.2572631835938,598.3854370117188,165.9849395751953,1
982,798,8866,1095.571533203125,513.1525268554688,1095.3331298828125,512.5881958007812,167.5619354248047,1
983,13461,13507,1131.89111328125,541.299072265625,1134.0565185546875,543.6705932617188,167.74981689453125,1
984,3490,10743,999.2042236328125,515.2431640625,998.7786865234375,514.4834594726562,168.44287109375,1
985,11896,14639,1191.31640625,623.72314453125,1190.576904296875,624.1585693359375,86.79861450195312,1
986,11889,14631,1189.6956787109375,620.4099731445312,1190.00634765625,620.3972778320312,104.90471649169922,1
987,12736,2028,1298.2220458984375,558.9261474609375,1298.216796875,558.4121704101562,108.86229705810547,1
988,11858,1739,1185.330810546875,542.00732421875,1185.26953125,542.2141723632812,116.88455963134766,1
989,13266,1322,1351.0765380859375,635.9741821289062,1350.65283203125,634.6192626953125,121.36309051513672,1
990,11897,14644,1191.31640625,623.72314453125,1190.576904296875,624.1585693359375,122.63359832763672,1
991,12362,2458,1256.539306640625,629.5584716796875,1255.261962890625,627.3256225585938,124.33824920654297,1
992,12838,1894,1308.70751953125,579.4124145507812,1309.40771484375,580.3255615234375,127.6126937866211,1
993,12613,2160,1285.2694091796875,562.2969360351562,1285.265625,562.1405639648438,130.84341430664062,1
994,12023,797,1211.3568115234375,612.943359375,1210.712158203125,612.1327514648438,133.0939483642578,1
995,12924,1764,1320.00634765625,526.6467895507812,1320.353515625,526.6111450195312,133.65628051757812,1
996,12070,588,1219.2225341796875,630.8761596679688,1219.8638916015625,631.0888061523438,133.94029235839844,1
997,12055,653,1216.6417236328125,608.3991088867188,1217.1583251953125,608.728759765625,133.98507690429688,1
998,12104,499,1223.9569091796875,624.36376953125,1223.4029541015625,623.802490234375,135.0,1
999,12019,819,1210.4737548828125,628.9261474609375,1210.6123046875,628.980712890625,136.16534423828125,1
1000,12090,526,1222.9586181640625,582.9934692382812,1222.8717041015625,582.8619995117188,136.16900634765625,1
1001,12022,805,1211.3568115234375,612.943359375,1210.712158203125,612.1327514648438,136.85028076171875,1
1002,11781,2032,1176.2821044921875,522.0283813476562,1175.8143310546875,521.9000244140625,137.16778564453125,1
1003,12220,115,1240.4510498046875,626.7435913085938,1239.4144287109375,625.1553344726562,138.61817932128906,1
1004,12077,546,1220.8621826171875,626.4285888671875,1221.0421142578125,626.5333251953125,144.16656494140625,1
1005,13150,1465,1337.9031982421875,516.7003173828125,1339.064697265625,517.3078002929688,145.4269561767578,1
1006,12152,313,1229.716064453125,556.2896728515625,1229.7110595703125,556.1348266601562,147.7159423828125,1
1007,12623,2151,1286.0933837890625,541.7820434570312,1285.911376953125,541.1565551757812,151.9967041015625,1
1008,13219,1380,1345.732666015625,628.7722778320312,1345.253662109375,628.6560668945312,152.46966552734375,1
1009,12106,445,1224.1220703125,598.8348388671875,1224.4302978515625,598.99462890625,153.15025329589844,1
1010,12078,541,1220.91796875,602.0372314453125,1221.066650390625,601.95361328125,154.0843963623047,1
1011,13357,1155,1364.435791015625,511.7608337402344,1365.3045654296875,512.2301635742188,155.35765075683594,1
1012,12038,8510,1212.8131103515625,635.6270141601562,1213.2703857421875,635.4559936523438,155.8749542236328,1
1013,14482,14313,1297.8470458984375,525.9261474609375,1297.369873046875,526.27392578125,159.43023681640625,1
1014,12157,287,1230.895263671875,550.8417358398438,1230.630126953125,550.7955932617188,161.90737915039062,1
1015,12173,239,1233.7861328125,624.8281860351562,1232.96826171875,622.6004638671875,162.8158416748047,1
1016,12215,8136,1239.707275390625,611.0554809570312,1239.3701171875,611.0286865234375,165.8523406982422,1
1017,12350,13955,1255.3702392578125,619.9996948242188,1255.5211181640625,620.2739868164062,166.6163330078125,1
1018,12700,2070,1294.069580078125,546.5385131835938,1294.7384033203125,546.845947265625,167.7677001953125,1
1019,11888,1631,1189.62646484375,637.2257080078125,1188.8218994140625,636.906982421875,168.57046508789062,1
1020,292,8320,24.61716651916504,702.4302978515625,24.166898727416992,702.5509033203125,123.32071685791016,1
1021,2845,3474,169.3560333251953,752.2716064453125,169.2247314453125,752.156494140625,133.52528381347656,1
1022,3053,12842,180.50157165527344,650.4205932617188,180.2439727783203,650.5819091796875,134.10443115234375,1
1023,1702,2158,108.64282989501953,731.659423828125,108.464111328125,731.911376953125,141.63333129882812,1
1024,3458,4256,205.90452575683594,671.504150390625,206.20913696289062,672.6513671875,142.9545440673828,1
1025,2660,13248,159.6819610595703,656.2853393554688,161.36642456054688,654.9003295898438,147.5669403076172,1
1026,3009,3666,177.93739318847656,751.8903198242188,177.98707580566406,751.1958618164062,152.9901885986328,1
1027,1006,1351,69.52481842041016,700.6845703125,69.90860748291016,701.2940673828125,153.31666564941406,1
1028,2661,13247,159.6819610595703,656.2853393554688,161.36642456054688,654.9003295898438,154.5477294921875,1
1029,1403,1815,92.6266860961914,750.595458984375,93.09075927734375,751.676513671875,158.9874267578125,1
1030,599,821,43.7848014831543,759.1688842773438,43.66881561279297,758.5735473632812,159.83428955078125,1
1031,933,1254,64.77315521240234,704.7963256835938,64.89239501953125,705.1734008789062,160.67669677734375,1
1032,1105,1409,75.23863220214844,740.6655883789062,73.82881164550781,738.9752807617188,161.25755310058594,1
1033,853,1170,59.87834167480469,696.6373291015625,60.299869537353516,696.7008056640625,167.3230438232422,1
1034,852,1169,59.87834167480469,696.6373291015625,60.299869537353516,696.7008056640625,168.92306518554688,1
1035,3391,9110,200.8186798095703,695.5686645507812,202.17872619628906,697.8060913085938,169.0976104736328,1
1036,994,1331,68.5344467163086,687.9844970703125,68.84068298339844,687.7977294921875,170.7307891845703,1
1037,961,1285,66.47664642333984,694.46826171875,66.3447265625,693.8186645507812,171.1373748779297,1
1038,1141,1472,77.5383529663086,728.2000122070312,77.15892791748047,729.0162963867188,171.62750244140625,1
1039,960,1284,66.47664642333984,694.46826171875,66.3447265625,693.8186645507812,174.11203002929688,1
1040,1404,1799,92.64061737060547,755.4561767578125,92.28570556640625,755.7367553710938,176.17605590820312,1
1041,178,258,16.359764099121094,707.3527221679688,15.878708839416504,707.672607421875,176.6946563720703,1
1042,1145,1467,77.6490707397461,719.8660888671875,76.87614440917969,720.0672607421875,177.11578369140625,1
1043,448,638,35.203372955322266,725.0171508789062,35.07987594604492,723.3353271484375,177.3471221923828,1
1044,350,498,28.83686637878418,659.83837890625,28.159990310668945,659.6386108398438,177.35557556152344,1
1045,932,1253,64.77315521240234,704.7963256835938,64.89239501953125,705.1734008789062,179.649658203125,1
1046,997,1320,68.67301177978516,724.231689453125,68.4299087524414,724.0368041992188,180.13050842285156,1
1047,3393,9018,201.09983825683594,675.561279296875,200.5222625732422,676.8195190429688,182.37872314453125,1
1048,1916,2411,119.32048797607422,741.404296875,119.30545806884766,741.6141967773438,185.07025146484375,1
1049,2336,2874,142.4789276123047,722.2197265625,142.03688049316406,721.4509887695312,192.6499481201172,1
1050,4141,5054,244.54043579101562,647.2695922851562,244.62220764160156,646.765869140625,84.0238037109375,1
1051,4475,5433,261.240966796875,723.3084106445312,261.6577453613281,723.4454956054688,88.18730163574219,1
1052,4210,12271,248.36167907714844,644.6338500976562,248.68804931640625,644.34326171875,91.24691772460938,1
1053,4315,5261,253.50328063964844,702.0689086914062,254.11094665527344,701.6068725585938,102.35233306884766,1
1054,4129,5035,244.09466552734375,653.4392700195312,243.72413635253906,653.0982666015625,102.79591369628906,1
1055,4140,5053,244.54043579101562,647.2695922851562,244.62220764160156,646.765869140625,103.04853057861328,1
1056,7546,617,412.9949645996094,666.99267578125,412.81298828125,666.8704223632812,106.97663116455078,1
1057,5039,6036,288.9222106933594,693.0186767578125,288.9499206542969,693.4964599609375,111.8704605102539,1
1058,7434,848,406.43377685546875,668.2696533203125,407.1543273925781,668.8534545898438,116.55899810791016,1
1059,7371,1021,402.6540222167969,664.7855834960938,402.713134765625,664.84130859375,121.36309051513672,1
1060,6163,7358,344.8239440917969,724.8819580078125,344.75299072265625,726.2036743164062,123.43419647216797,1
1061,4665,12312,269.91156005859375,743.7908325195312,270.64178466796875,743.657958984375,123.78206634521484,1
1062,7433,863,406.43377685546875,668.2696533203125,407.1543273925781,668.8534545898438,125.26771545410156,1
1063,7320,1074,400.6799011230469,700.46337890625,401.2481384277344,701.0086669921875,128.9185791015625,1
1064,5576,6636,316.92333984375,749.1033935546875,315.6863708496094,749.2525024414062,129.4720001220703,1
1065,4958,5941,284.00494384765625,694.3582153320312,283.9672546386719,694.6331176757812,130.09996032714844,1
1066,6635,7905,367.8429870605469,659.0512084960938,367.5349426269531,658.3148803710938,130.89691162109375,1
1067,6389,7621,356.42437744140625,696.2192993164062,356.36474609375,695.7215576171875,132.1854705810547,1
1068,4130,5036,244.09466552734375,653.4392700195312,243.72413635253906,653.0982666015625,133.27040100097656,1
1069,6657,7910,368.9739685058594,739.7783813476562,367.9366760253906,738.3679809570312,137.26980590820312,1
1070,4809,5810,276.90203857421875,700.4649047851562,278.5882568359375,701.3817138671875,139.2156524658203,1
1071,8229,7711,448.06292724609375,687.6909790039062,448.0970153808594,686.9364624023438,142.20408630371094,1
1072,4470,5415,260.9449462890625,755.334716796875,260.8738098144531,756.0211791992188,142.45701599121094,1
1073,8279,7627,450.8835144042969,694.0869750976562,450.72357177734375,693.5267944335938,144.6029052734375,1
1074,7489,749,409.3793029785156,697.4427490234375,409.5577392578125,696.9685668945312,147.60081481933594,1
1075,4026,4923,238.5223388671875,707.0652465820312,238.96121215820312,707.5800170898438,148.42506408691406,1
1076,6598,7863,366.1842956542969,685.9744262695312,366.1432189941406,685.2700805664062,149.34523010253906,1
1077,4992,5988,286.08453369140625,689.2513427734375,286.13421630859375,690.04443359375,151.28781127929688,1
1078,4153,5050,245.2729949951172,760.9920043945312,244.5703582763672,761.9976196289062,151.79920959472656,1
1079,5920,7073,333.3528137207031,759.07861328125,333.22869873046875,757.7853393554688,154.45387268066406,1
1080,5199,6215,297.4051818847656,658.7122802734375,297.4060974121094,659.1266479492188,155.1966552734375,1
1081,5219,11619,298.82220458984375,686.0595092773438,298.3436279296875,686.0862426757812,155.8749542236328,1
1082,7739,266,422.2633361816406,711.6163330078125,422.28131103515625,711.8360595703125,156.05126953125,1
1083,6695,7994,370.8253479003906,669.0601806640625,371.2150573730469,669.132568359375,164.222412109375,1
1084,7925,8029,432.4178771972656,750.6852416992188,430.9252014160156,749.2366943359375,164.60862731933594,1
1085,10393,5483,565.29296875,760.8870239257812,565.3750610351562,759.724365234375,131.83322143554688,1
1086,10877,4921,590.289306640625,757.6609497070312,590.5673828125,757.6677856445312,147.8817138671875,1
1087,14441,10115,460.5167541503906,695.21337890625,460.04443359375,695.4383544921875,153.0326690673828,1
1088,10231,3471,661.1946411132812,690.3682861328125,660.7885131835938,689.8250732421875,162.08639526367188,1
1089,10917,4893,592.3352661132812,678.7481079101562,592.3463134765625,678.7850952148438,162.6345672607422,1
1090,11391,4188,625.5194091796875,681.6618041992188,625.5794067382812,681.731689453125,164.2437286376953,1
1091,10455,5403,569.1066284179688,748.9262084960938,569.5394287109375,749.6510009765625,174.41903686523438,1
1092,11270,4071,629.890869140625,680.1299438476562,630.2169189453125,679.9866333007812,177.24276733398438,1
1093,11330,4477,612.0903930664062,721.9603881835938,612.1813354492188,722.1144409179688,179.60511779785156,1
1094,8578,7321,468.45635986328125,646.7000122070312,468.138916015625,647.0662841796875,180.09442138671875,1
1095,10181,3429,662.861572265625,683.9547119140625,662.9291381835938,683.5560302734375,189.62330627441406,1
1096,9838,13343,673.8760986328125,740.8513793945312,674.5513305664062,741.273681640625,190.31289672851562,1
1097,6587,5232,785.6665649414062,703.0111694335938,785.8790893554688,703.0883178710938,72.84915924072266,1
1098,7003,7227,872.655029296875,699.25341796875,872.6720581054688,699.3237915039062,97.7036361694336,1
1099,8340,4737,768.8258666992188,707.978515625,770.0621948242188,708.30078125,99.64437103271484,1
1100,8719,3403,725.8443603515625,760.7297973632812,725.9693603515625,760.1539916992188,108.69222259521484,1
1101,8253,4716,769.490478515625,680.4978637695312,769.6631469726562,681.1107788085938,122.78028869628906,1
1102,8585,2999,714.349365234375,696.2730712890625,714.7769775390625,695.2142333984375,124.30204772949219,1
1103,9956,3590,730.2615966796875,755.6673583984375,730.4985961914062,755.8441162109375,128.12493896484375,1
1104,5825,5330,790.7303466796875,708.4927368164062,790.6113891601562,708.4052124023438,128.829345703125,1
1105,6885,7286,876.0095825195312,642.0021362304688,876.0094604492188,643.0653076171875,129.49517822265625,1
1106,8111,6582,830.6554565429688,640.8681640625,830.9519653320312,640.5726928710938,130.03460693359375,1
1107,6294,9666,899.5052490234375,648.5194091796875,899.118896484375,646.6410522460938,131.6168670654297,1
1108,7025,7212,872.021240234375,660.8966674804688,871.5715942382812,661.0200805664062,132.44244384765625,1
1109,7688,6819,846.0955200195312,643.1489868164062,846.3811645507812,642.3980712890625,135.71661376953125,1
1110,4845,5475,795.3890380859375,712.6032104492188,795.2471923828125,712.3853759765625,136.5906219482422,1
1111,6845,7342,877.794921875,659.5430297851562,877.71728515625,659.4111328125,136.95985412597656,1
1112,8710,3402,725.8443603515625,760.7297973632812,725.9693603515625,760.1539916992188,139.44174194335938,1
1113,10074,4195,751.1590576171875,693.8444213867188,750.6449584960938,694.2349853515625,145.2515106201172,1
1114,6769,7429,880.8652954101562,725.7518920898438,882.1178588867188,726.1698608398438,147.28883361816406,1
1115,13957,9911,892.2266235351562,719.5582885742188,893.1862182617188,719.8895874023438,148.85899353027344,1
1116,9203,13663,690.485595703125,708.6755981445312,690.9054565429688,708.6856689453125,150.22315979003906,1
1117,6095,8054,906.4630737304688,750.4922485351562,906.2943115234375,750.0624389648438,151.75637817382812,1
1118,8865,2582,703.83154296875,698.2275390625,704.3211669921875,697.392822265625,154.05519104003906,1
1119,8011,4788,772.3861083984375,679.7745971679688,772.5479736328125,679.83544921875,154.22711181640625,1
1120,8184,4729,769.9069213867188,728.8038330078125,769.8963012695312,728.529296875,154.2692413330078,1
1121,2749,5801,807.121337890625,727.2059326171875,807.0513916015625,727.2964477539062,158.13601684570312,1
1122,6358,5262,787.7620849609375,712.3251342773438,787.2117919921875,711.7649536132812,158.78602600097656,1
1123,6210,7960,902.2015380859375,752.8436279296875,902.0848999023438,753.3021850585938,159.61203002929688,1
1124,7734,6799,845.0886840820312,754.9140625,844.904541015625,754.988525390625,161.41871643066406,1
1125,8708,13673,709.8845825195312,743.210205078125,710.1403198242188,743.580810546875,161.65394592285156,1
1126,8990,2638,699.0111694335938,706.812744140625,698.8396606445312,706.8164672851562,166.55929565429688,1
1127,8889,2553,703.0769653320312,742.6159057617188,703.0158081054688,742.7853393554688,166.6703338623047,1
1128,7485,6904,851.339599609375,652.643798828125,851.028564453125,653.040771484375,168.62384033203125,1
1129,8194,4725,769.9069213867188,728.8038330078125,769.8963012695312,728.529296875,169.11830139160156,1
1130,5291,5429,793.3697509765625,717.54052734375,793.5592651367188,717.839599609375,169.7939910888672,1
1131,6322,7828,898.7586669921875,658.2303466796875,898.6016845703125,658.0161743164062,170.2086944580078,1
1132,3908,7476,978.7830200195312,723.5682983398438,978.2809448242188,723.5079345703125,97.42689514160156,1
1133,395,3516,1117.7589111328125,748.62255859375,1117.484130859375,748.1669311523438,99.36296844482422,1
1134,970,9284,1088.3931884765625,640.5224609375,1089.1767578125,641.5368041992188,99.5339126586914,1
1135,398,3518,1117.7589111328125,748.62255859375,1117.484130859375,748.1669311523438,104.76163482666016,1
1136,4716,404,953.5525512695312,690.2196044921875,953.6028442382812,689.743896484375,106.30146026611328,1
1137,2262,12392,1043.057861328125,668.4798583984375,1043.22119140625,668.4405517578125,108.23123168945312,1
1138,939,4193,1089.5679931640625,696.5853881835938,1090.275390625,697.25341796875,114.656005859375,1
1139,1293,4533,1078.43896484375,735.3159790039062,1078.16015625,735.3602294921875,114.93476104736328,1
1140,3631,7131,992.2371826171875,654.987060546875,992.2318115234375,654.8782958984375,121.82774353027344,1
1141,2325,5691,1040.8919677734375,747.5508422851562,1039.7225341796875,747.3185424804688,126.27747344970703,1
1142,2263,5597,1042.5511474609375,731.113037109375,1042.7333984375,732.0448608398438,128.1015167236328,1
1143,1076,4364,1085.064453125,697.9692993164062,1084.9072265625,698.08447265625,129.22848510742188,1
1144,1397,4594,1075.71728515625,743.03125,1075.6541748046875,743.3474731445312,129.44496154785156,1
1145,4588,141,958.0612182617188,701.0137329101562,958.2911376953125,701.97900390625,132.23086547851562,1
1146,820,4097,1094.255859375,692.857666015625,1094.169921875,692.9132690429688,133.25914001464844,1
1147,439,12914,1114.95068359375,682.5687255859375,1112.620849609375,680.72021484375,134.6105499267578,1
1148,1513,4745,1068.812255859375,674.240966796875,1068.8995361328125,674.4772338867188,137.9347686767578,1
1149,2953,6368,1019.8729248046875,640.6068115234375,1020.258544921875,641.0944213867188,149.53929138183594,1
1150,2360,5690,1040.0677490234375,658.4447631835938,1039.8155517578125,659.0388793945312,150.2032012939453,1
1151,11547,13723,1145.61376953125,764.6142578125,1144.8359375,763.40673828125,153.0751495361328,1
1152,1262,10328,1079.2027587890625,754.6954345703125,1078.77392578125,755.2159423828125,153.34927368164062,1
1153,4444,9549,962.5101318359375,699.880859375,962.0798950195312,699.9603271484375,154.60272216796875,1
1154,11536,2760,1143.683837890625,721.5906982421875,1144.1905517578125,721.3091430664062,154.70941162109375,1
1155,11548,13728,1145.61376953125,764.6142578125,1144.8359375,763.40673828125,156.214599609375,1
1156,1079,4366,1085.064453125,697.9692993164062,1084.9072265625,698.08447265625,157.9366912841797,1
1157,2057,12607,1049.672607421875,653.8980102539062,1049.878173828125,654.4004516601562,160.648681640625,1
1158,1816,12333,1056.2757568359375,690.2998657226562,1056.49072265625,690.8087158203125,162.0061798095703,1
1159,4571,36,958.7110595703125,755.0770263671875,959.3920288085938,754.9575805664062,163.8688507080078,1
1160,5084,1000,939.4077758789062,700.544921875,939.2324829101562,700.798828125,166.55029296875,1
1161,5100,1018,939.0170288085938,653.1014404296875,938.8232421875,652.795166015625,167.0478973388672,1
1162,1483,4744,1070.231689453125,695.6917114257812,1068.998046875,695.2410278320312,167.34097290039062,1
1163,5215,1070,936.0316162109375,649.0013427734375,935.7077026367188,648.907958984375,169.1242218017578,1
1164,4552,12,959.84814453125,688.5473022460938,959.9407958984375,688.6454467773438,171.79930114746094,1
1165,4594,9360,958.0352172851562,681.3630981445312,957.85107421875,681.9176635742188,173.44163513183594,1
1166,1392,4574,1076.18115234375,723.0252075195312,1076.1497802734375,723.2891235351562,174.0517120361328,1
1167,12638,2138,1288.01611328125,665.1742553710938,1288.0970458984375,665.3380126953125,84.2911605834961,1
1168,13272,1300,1351.6702880859375,645.2413940429688,1351.652587890625,645.0147094726562,94.8630599975586,1
1169,12327,2475,1252.2860107421875,651.9103393554688,1251.7117919921875,651.0448608398438,102.67911529541016,1
1170,13236,1369,1347.219970703125,746.70068359375,1346.387939453125,746.1275634765625,118.87808990478516,1
1171,12143,329,1228.5350341796875,684.3038330078125,1229.25341796875,685.1522827148438,120.32040405273438,1
1172,12398,2406,1259.995361328125,652.9035034179688,1259.2646484375,652.555908203125,120.57777404785156,1
1173,12385,2417,1258.32177734375,645.6865844726562,1258.3731689453125,645.6407470703125,122.53978729248047,1
1174,12706,2073,1294.640869140625,659.2494506835938,1294.423095703125,658.7142333984375,125.4950180053711,1
1175,12593,14176,1283.2454833984375,651.8934936523438,1282.5313720703125,650.893798828125,126.53063201904297,1
1176,13240,14778,1348.2445068359375,730.3929443359375,1347.5533447265625,730.2749633789062,139.63523864746094,1
1177,12479,2280,1270.8798828125,730.535888671875,1270.888671875,731.3298950195312,141.50265502929688,1
1178,13270,1294,1351.6253662109375,743.7046508789062,1351.961669921875,743.6737060546875,144.68240356445312,1
1179,12491,2272,1272.2122802734375,721.9533081054688,1272.3369140625,722.1908569335938,145.60220336914062,1
1180,12262,2538,1245.595703125,688.0355224609375,1245.30615234375,687.8248291015625,148.48231506347656,1
1181,12408,2377,1260.7117919921875,754.445556640625,1261.0244140625,754.8511352539062,150.31300354003906,1
1182,12484,14069,1271.1959228515625,641.9595947265625,1270.10595703125,640.2052001953125,150.73155212402344,1
1183,11837,14512,1183.755859375,644.7039184570312,1183.9166259765625,645.383056640625,150.90725708007812,1
1184,12439,2324,1265.4339599609375,747.7932739257812,1265.1065673828125,746.9863891601562,151.7267303466797,1
1185,12565,2195,1281.3553466796875,654.4874877929688,1281.5888671875,654.7728271484375,153.1306610107422,1
1186,12407,2379,1260.7117919921875,754.445556640625,1261.0244140625,754.8511352539062,154.5477294921875,1
1187,12553,2219,1279.77099609375,661.644287109375,1279.5482177734375,661.8343505859375,155.92947387695312,1
1188,12889,1821,1315.626953125,648.1459350585938,1315.673095703125,650.035400390625,156.74819946289062,1
1189,12806,1950,1304.8863525390625,701.9793701171875,1305.30712890625,703.102783203125,157.9366912841797,1
1190,13188,1446,1341.910888671875,752.0784301757812,1341.7901611328125,751.5477294921875,157.99684143066406,1
1191,12525,2247,1277.11767578125,655.4364624023438,1277.454345703125,655.7825317382812,158.80491638183594,1
1192,12227,55,1241.0469970703125,690.0892333984375,1240.942626953125,690.1964721679688,160.83221435546875,1
1193,12538,2235,1278.3143310546875,742.07373046875,1278.1767578125,742.0018310546875,162.0740509033203,1
1194,12487,2274,1271.4193115234375,742.9422607421875,1271.13916015625,742.24072265625,162.52076721191406,1
1195,13015,14603,1326.8680419921875,739.8235473632812,1327.7177734375,741.83349609375,162.90794372558594,1
1196,13311,1229,1357.4964599609375,655.0950317382812,1357.4632568359375,654.7052612304688,163.2727813720703,1
1197,12756,14351,1300.1973876953125,685.625732421875,1301.1766357421875,685.8938598632812,163.581787109375,1
1198,13190,1445,1342.3115234375,738.7898559570312,1341.8065185546875,738.4616088867188,165.680419921875,1
1199,12364,2451,1256.7763671875,664.2318725585938,1256.017333984375,664.3580322265625,168.9674530029297,1
1200,12571,2197,1281.49365234375,684.48876953125,1281.2174072265625,684.4022216796875,170.6956329345703,1
1201,12483,14068,1271.1959228515625,641.9595947265625,1270.10595703125,640.2052001953125,172.09300231933594,1
